标题,标题链接,正文,发布时间
专访中山大学国际金融学院院长黄新飞：珠海外贸要有更大作为，需降低服务贸易成本,https://ishare.ifeng.com/c/s/v002t8-_3bkqBVT4JWefU0--VMgmccKIZPBk3ENd0SvWQjwU8__,"南方财经全媒体记者冯玉怡 珠海报道

随着全球贸易结构的深刻变迁，在面对外部不稳定不确定性因素日渐增多的局面下，广东外贸发展呈现怎样的图景？珠海作为广东重要的外贸城市，其贸易发展又应如何稳步向前？

数据显示，2023年珠海全市完成外贸进出口总额2962.30亿元，下降4.2%。尽管如此，珠海仍然保持外贸韧性，挤进中国外贸百强城市前十。2024年，珠海预期外贸进出口总额增长2%。

在4月22日举办的第五届珠海市哲学社会科学优秀成果政府奖颁奖大会上，中山大学国际金融学院院长、国家金融学研究院院长黄新飞的学术著作《21世纪海上丝绸之路与广东国际贸易》获一等奖。大会期间，黄新飞在接受南方财经全媒体记者专访时表示，珠海拥有开放包容优势、融合港澳优势、人才集聚优势，自贸试验区优势等多重优势，在建设贸易强市的过程中，可充分利用新质生产力加快外贸转型升级，利用好港澳“超级联系人”，拓展“一带一路”广度深度。

利用港澳“超级联系人”，谋求全球产业合作

南方财经：广东在加强与“一带一路”共建国家经济交流方面有哪些成效？

黄新飞：广东作为“一带一路”的桥头堡和重要国际枢纽，在“一带一路”建设方面发挥了很大的作用。主要体现在以下几个方面：第一，广东在参与“一带一路”建设过程中，国际贸易也得到不断发展，连续三十多年成为外贸第一大省。第二，广东通过“一带一路”加强了与“一带一路”共建国家的人文交流和经济往来，同时也包括大洋洲、亚欧在内的国家和地区，都建立了密切的经贸交往。第三，广东也是“一带一路”投资的主要输出地，连续多年成为中国对外直接投资的最大来源省份。

南方财经：你怎么看待近年来粤商纷纷“出海”投资东南亚等国家这一现象？

黄新飞：事实上，我们所说的“五通”其中之一就包括“资金联通”。我国制造业总体规模连续多年位居全球第一，但是跟以往高增速扩张时期相比，现在的资金回报率有所下降。此外，我们的产业底盘非常庞大，有一些产业可能存在产能过剩的情况，“出海”是化解当前产能过剩的有效路径之一。从国际贸易发展格局来看，基本上贸易大国都走“吸引外资”再“走出去”的模式，“走出去”是一个必然趋势。东盟成为广东最大的贸易伙伴国，无论是贸易的基础条件、人文的亲近程度都比较高，是一条不错的外贸发展路径。

南方财经：珠海提出“五外联动”建设贸易强市，在加快推进贸易强市建设方面您有何建议？

黄新飞：首先要学习和对接国际经验，主动融入RCEP，同时推动贸易转型升级，我在书中也强调，贸易转型升级跟新质生产力息息相关。目前，珠海的产业结构相对而言还是大而不强，“单打冠军”多，“团队冠军”则有待提升，在国际影响力方面与我们现在的定位仍有一定差距，因此产业的转型升级至关重要。此外，利用好港澳“超级联系人”，积极对接资源、引进资金和人才，谋求更大的全球产业合作。

南方财经：你提到贸易转型升级需要新质生产力驱动，珠海的主导产业具有新质生产力占比较高的特点，在推动贸易转型上有何优势？

黄新飞：首先，珠海在推动新质生产力发展方面具有高效率的优势，因为珠海高校发展较早、基础较好，所形成的产学研一体化有一定比较优势，同时珠海又是一座宜居城市，在科技创新吸引人才方面有其独特优势。其次，珠海有很多“专精特新”企业，这些企业不一定做到规模很大，但能在细分领域中拥有自己的特色，做到全国乃至全球第一，是新质生产力的代表。最后珠海在对外开放、融入世界这方面有着自己的独特优点，可以充分发挥港珠澳大桥“一桥连三地”优势，促进内地和港澳及国际市场资源联动。

服务贸易一体化的关键在于制度型开放

南方财经：珠海连续两年作为举办粤港澳大湾区服务贸易大会（简称“服贸会”）的举办地，你认为背后原因是什么？

黄新飞：从区位优势来讲，珠海正在建设中国特色社会主义现代化国际化经济特区，是连接港澳、对接世界的湾区窗口，毗邻横琴粤澳深度合作区（简称“合作区”），东接香港，南联澳门。珠海是一个外贸大市，珠海的外贸依存度虽然最近几年有所下降，但在广东全省仍排名前列，贸易程度比较高，珠海有条件、有基础做大做强国际贸易和服务贸易。与此同时，珠海的服务贸易潜力巨大，在合作区促进澳门经济适度多元发展的四新产业中，包括科技研发和高端制造、文旅会展商贸、现代金融等在内的产业都跟服务贸易相关，这些都是珠海发展服务贸易的条件和基础。

南方财经：怎么理解制度型开放和服务贸易的关系？珠海应如何推动服务贸易发展？

黄新飞：制度型开放是服务贸易发展的重要保障，制度型开放包括规则、规制、管理和标准，服务贸易将会成为国际贸易的重要增长极。当前我国服务贸易存在逆差，同时服务贸易所占的比重相较货物贸易而言还是比较低，低于全球平均水平。从国际贸易的现状看，贸易关税、非关税的壁垒已经大幅下降，现在要降低的是制度性的交易成本，包括治理成本、政策透明成本等。

根据世界银行测算，从全球来看，当前服务贸易中政策壁垒和监管差异、治理水平方面的制度性交易成本占比达到31%，货物贸易只有9%―13%。由此可见，扩大服务贸易开放与推进服务贸易体制机制改革势在必行，也是未来贸易发展的重要突破口。制度型开放意味着我们现在不可能再像过往那样仅凭政策优惠去吸引外资，只有不断自主开放、构建创新生态，才能更好地“引进来”和“走出去”。

珠海要在粤港澳大湾区有更大作为，还是要把服务贸易的成本降下来，要更加开放服务贸易领域，主动对接高标准国际经贸规则，把自己的标准融入世界，甚至引领世界标准建设，当然这还有很漫长的路要走。我觉得珠海可以抓住这个机遇，把服务贸易推向更高、更深层次发展。",2024-4-24 21:26
中山大学在香港颁发“校级荣衔” 60余人获荣誉,https://ishare.ifeng.com/c/s/v002zdZTnd9OjIwDTgD-_FLN5Gw8V--pK5TXcu3o4nu6Khy2U__,"中新网广州4月23日电 (许青青 李建平 林娜)记者23日从中山大学获悉，该校近日在香港举办百年校庆年首场春茗，并在春茗仪式上颁发了“中山大学名誉校董”“逸仙友谊奖”“逸仙杰出教育贡献奖”“逸仙教育贡献奖”等校级荣衔，授予对该校教育发展事业做出杰出贡献的校友、社会贤达和团体机构。

中山大学在香港颁发“校级荣衔”。中山大学 供图

仪式现场授予2位名誉校董，7位人士和机构“逸仙友谊奖”，20余位人士和机构“逸仙杰出教育贡献奖”，40余位人士和机构“逸仙教育贡献奖”。

中山大学党委书记、中山大学教育发展基金会理事长陈春声教授表示，在学校发展的不同时期，众多有识之士、俊彦贤达，捐资出力，增拓楼宇，奖教奖学，扶危济困，从方方面面支持学校改善办学条件，推动学术发展，并与学校一道，承担起服务社会、造福人民的责任。为此，中山大学在迎来百年华诞之际，特设立校级捐赠荣衔，感谢各界对中山大学发展的支持，鼓励社会慈善义举。

陈春声在致辞中感念霍英东、伍沾德、曾宪梓等三位爱港爱国人士对中大教育事业的关怀和厚爱。“他们多次慷慨资助中山大学的人才培养和文化体育项目。这种无私奉献的仁爱精神和对大学发展的高瞻远见，正是孙中山先生教育精神生生不息、代代传承的写照。”

据悉，今年，中山大学还在香港设立了高等研究院，建设工作正加紧推进。中国工程院院士、中山大学生命科学学院教授林浩然在春茗上介绍了中山大学香港高等研究院生物医药研发中心的发展思路。“我们将筹建进化与合成生物学基础科学中心和生物医药研发中心。两个中心将紧密围绕‘合成生物学’开展跨境协同攻关和创新。”

当日，中央政府驻港联络办副主任卢新宁，香港特区律政司首任司长梁爱诗，霍英东集团行政总裁霍震寰，中国工程院院士李焯芬，社会贤达、校友等300余人出席春茗。(完)",2024-4-23 13:53
中山大学获校友捐赠1亿元,https://ishare.ifeng.com/c/s/v002UTYjprff03Q-_eRFPbn1Rez07SrWtMSVvpmt30-_bJURE__,"中新网广州4月17日电 (记者 许青青)中山大学今年迎来百岁华诞。17日，中山大学校友伉俪林斌、刘向东向中山大学捐赠1亿元庆祝母校百年华诞。

捐赠签约仪式。孙雪 摄

据介绍，林斌、刘向东均为中山大学1986级校友，其中林斌现为小米集团联合创始人、副董事长，刘向东为林斌刘向东基金会理事长。此次捐赠拟用于林斌刘向东文体中心建设、设立林斌刘向东奖学金、洪淡华奖学金等项目。

其中，林斌刘向东文体中心拟建于南校园，初步规划面积12000平方米，室内将设恒温游泳池、网球场、羽毛球场和乒乓球馆，供师生锻炼放松；以林斌刘向东伉俪命名的林斌刘向东奖学金，将分期10年发放，每年激励30位品学兼优的本科生和研究生；以林斌母亲命名的洪淡华奖学金，将每年激励10位品学兼优的医科学生。

据中山大学介绍，此前，林斌、刘向东校友伉俪曾捐赠设立林斌刘向东奖学金，10年来激励了100位刻苦学习、努力创新的优秀中大学子，推动小米公益基金会捐赠设立“小米青年学者”项目和“小米奖助学金”。

林斌在捐赠仪式上回忆，“我的母亲、姐姐和姐夫、堂兄、表弟、堂叔、舅舅等十几位亲人，都是中大人。母校为我奠定了人生职业道路和发展。中山大学在我心里是最好的大学，没有之一。希望更多校友能够支持母校建设，有钱出钱，有力出力，共同将母校建设成为全世界最好的大学。”

中山大学党委书记、教育发展基金会理事长陈春声表示，校友是学校最闪亮的名片，学校是校友最温暖的港湾。学校一定会将这份深情厚谊化作发展前进的不竭动力，继续开创学校与校友深度融合、多向共赢的新局面。(完)",2024-4-17 22:17
马英九访问中山大学：两岸青年交流对话浑然天成,https://ishare.ifeng.com/c/s/v002ZaIpHakgfb49-_EMnuR2Rhe02--AC7tUEESOLPhciy9PJDGoKZnzgjCjQAqmv9CddwlVfwchekKXLdTF--q-_BjARQ____,,
广州体育学院原党委书记许宗祥被公诉！曾任中山大学副校长,https://ishare.ifeng.com/c/s/v002iaTNBVHXhdu2--m-_lZX4ajM03e8qf522b--f-_Bi37cF-_0__,"正义网记者4月23日从最高人民检察院获悉，日前，广州体育学院原党委书记许宗祥（正厅级）涉嫌受贿罪、利用影响力受贿罪一案，经广东省人民检察院指定管辖，由中山市人民检察院依法向中山市中级人民法院提起公诉。

检察机关在审查起诉阶段，依法告知了被告人许宗祥享有的诉讼权利，并依法讯问了被告人。中山市人民检察院起诉指控：被告人许宗祥在担任中山医科大学校长助理、副校长，中山大学副校长，广州体育学院院长、党委书记，广东省政协委员等职务期间，利用职务上的便利以及职权、地位形成的便利条件，通过其他国家工作人员职务上的行为，为他人在工程承揽、食堂承包、超市外包、物业租赁等方面谋取利益，非法收受他人财物，数额特别巨大；被告人许宗祥在退休后，利用其原职权、地位形成的便利条件，通过其他国家工作人员职务上的行为，为他人在承揽工程项目上谋取不正当利益，非法收受他人财物，数额特别巨大，依法应以受贿罪、利用影响力受贿罪追究其刑事责任。

图片来源：南方都市报视频号

曾任中山大学副校长

公开简历显示，许宗祥于1953年7月出生，广东阳江人，在职研究生学历，1972年10月参加工作，1983年6月加入中国共产党。

许宗祥历任中山医科大学党委常委、副校长，中山大学党委常委、副校长，广州体育学院党委副书记、院长，广州体育学院党委书记，于2017年3月退休。

2023年12月28日，中央纪委国家监委网站发布通报，广州体育学院党委原书记许宗祥涉嫌严重违纪违法，正接受广东省纪委监委纪律审查和监察调查。

廉洁底线失守

非法收受巨额财物

2024年3月28日，中央纪委国家监委网站发布通报，许宗祥被开除党籍。

通报称，许宗祥丧失理想信念，背弃初心使命，处心积虑对抗组织审查；无视中央八项规定精神，多次违规接受宴请；廉洁底线失守，违规收受礼金；毫无纪法底线，利用职务便利为他人在基建工程承揽、食堂承包、物业租赁等方面谋利，并非法收受巨额财物，退休后仍不知止。

许宗祥严重违反党的政治纪律和廉洁纪律，构成严重职务违法并涉嫌受贿、利用影响力受贿犯罪，且在党的十八大后不收敛、不收手，性质严重，影响恶劣，应予严肃处理。依据《中国共产党纪律处分条例》《中华人民共和国监察法》《中华人民共和国公职人员政务处分法》等有关规定，经广东省纪委常委会会议研究并报广东省委批准，决定给予许宗祥开除党籍处分；按规定取消其相应的退休待遇；收缴其违纪违法所得；将其涉嫌犯罪问题移送检察机关依法审查起诉，所涉财物一并移送。",2024-4-23 16:07
粤语报道｜全国人大代表高松：中山大学将扩大与香港合作,https://ishare.ifeng.com/c/s/v0028Khtd3rAKE5YDdwiy8aQsuw0Dj--XjbzrjnZ7-_D7zhArXyBUExvTyUD3g1jt8MjvPJ3Le0YcuvZ8c7Mpxr8qrLg____,,
中山大学国家发展研究院揭牌成立,https://ishare.ifeng.com/c/s/v002Bwhyi-_E5-_Bsc802y46snDRi2V5DL2sv4JFTOkTHwrbs__,"中新网广州12月25日电(许青青 谢静 申广军)记者25日从中山大学岭南学院获悉，中山大学国家发展研究院近日正式揭牌成立。

中山大学国家发展研究院揭牌仪式。中山大学岭南学院供图

中山大学岭南学院党委书记黄毅介绍，中山大学国家发展研究院将围绕全球、中国、地方经济社会发展的重大战略问题，聚焦产业经济与产业政策，科技金融与碳金融，能源经济与低碳发展，国资国企改革与发展，经济增长与可持续发展等领域，积极开展理论与政策研究，致力于建设成为发展经济学、发展研究领域国内一流、国际上具有重要影响力的学术机构，成为中山大学服务国家和地方经济社会发展的重要智库。

该研究院拥有来自中山大学岭南学院、管理学院、商学院、国际金融学院、粤港澳发展研究院、社会学与人类学学院等校内相关院系和国家高端智库的20余名研究人员。

研究院负责人赵昌文教授曾长期在国家重要决策咨询研究机构和国内知名高校工作，在中长期经济增长、技术进步和产业升级，国资国企改革、科技金融等多个领域有着丰富的理论和政策研究成果。

中山大学常务副校长杨清华表示，中山大学成立国家发展研究院，希望依托中山大学在经济学及相关学科领域的基础，不断推进经济学理论体系创新，努力构建基于中国式现代化实践的发展经济学，不断提升中山大学经济学科的国际影响力，同时聚焦国家和地方重大战略需求，加快将学术科研实力转化为服务党和国家事业发展的能力，持续提升中山大学经济学科的决策影响力和社会影响力。(完)",2023-12-25 17:21
广州：“顶尖舞者”亮相中山大学,https://ishare.ifeng.com/c/s/v002chX9p8jWQkNhPOdKPFy6n5aElYZNxGKOwIQHvVWp--c4__,"12月4日晚，广东广州，舞者樊婧怡在中山大学表演朝鲜族舞《飞花蝶语》。陈楚红 摄

12月4日晚，2023“顶尖舞者进校园”活动在中山大学开展，“顶尖舞者”通过不同风格的舞蹈表演，向观众展示舞蹈技艺和魅力。

近日，2023“顶尖舞者进校园”(广州站)活动在广州举办展演活动。该活动由中国舞蹈家协会、广东省文学艺术界联合会主办，中国文联舞蹈艺术中心、广东省舞蹈家协会承办。“顶尖舞者进校园”项目自2018年发起，舞者们的足迹遍及上海、西安、深圳、海口等多地之后，这一站来到广州。

本次中山大学活动共有13位舞蹈演员参与，带来了12部优秀作品，包含傣族舞、朝鲜族舞、国标舞、蒙古族舞等舞种。

12月4日晚，广东广州，舞者柴尔斯在中山大学表演傣族舞《碧波清影》。陈楚红 摄

12月4日晚，广东广州，舞者夏天、曾聪在中山大学表演国标舞《桑巴》。陈楚红 摄

12月4日晚，广东广州，舞者杨凯在中山大学表演街舞《霹雳前行》。陈楚红 摄

12月4日晚，广东广州，舞者夏天、曾聪在中山大学教观众跳国标舞。陈楚红 摄

12月4日晚，广东广州，舞者王方晴在中山大学表演朝鲜族舞。陈楚红 摄

12月4日晚，广东广州，舞者李德戈景(红衣)在中山大学表演蒙古族舞《雄鹰》。陈楚红 摄",2023-12-5 10:38
特困学生买1517元演唱会门票？中山大学开展调查,https://ishare.ifeng.com/c/s/v0026Us-_kXGJWSTho8pLndfY1pCEzvsrVsnHrQF4aF70Pn8uEsctchknpjTdWvnDO-_u2TdbVkhscDfVxPubbQ5Fm3g____,,
中山大学通报：解除聘用合同,https://ishare.ifeng.com/c/s/v0029yJjRCRYUbKaslF1qMdbZkuWtGnbkrEqvThm2mGI--VU__,"本文转自【中国新闻网】；

中山大学28日发布《情况通报》：9月24日晚，我校收到关于哲学系专职副研究员李某某、博士后杨某相关问题的举报材料。9月25日，学校成立调查小组进行调查。9月27日，学校召开师德师风建设委员会会议，根据调查情况和有关规定作出严肃处理，决定解除与李某某的聘用合同。杨某退出博士后流动站，目前正在办理手续。

来源：中山大学",2023-9-28 21:02
中山大学开放社会公众预约参观渠道,https://ishare.ifeng.com/c/s/v002kki1zNe8jw6MsLTvf60w5-_RhqGIwH6entqVxJ4I87m4__,"中新网广州9月27日电(许青青 李建平)中山大学27日对外公布，自2023年9月27日开始，社会公众可预约在周末、国家法定节假日参观校园。校园参观实行网上实名预约，个人可提前7日通过“中大逸码通行”微信小程序进行预约。

中山大学广州校区南校园南门。图片来源：中山大学官网

据公告，社会公众预约的可入校时段为9:00-11:30或14:30-17:00，寒暑假期间开放参观安排另行公告。如遇校内调休调课、重要校事活动或极端天气等情况，将暂停校园参观并另行通知，当天已预约名额自动失效。团体参观暂不接受网上预约，需要联系校内接待单位申请。

社会公众可关注微信公众号“中山大学”，在消息栏输入“预约入校”获取预约入口；或者点击菜单栏中的“预约入校”，进入“中大逸码通行”微信小程序预约。

预约成功的参观人士携带有效身份证件，出示有效预约凭证从各校区(园)指定校门步行入校，指定校门为广州校区南校园南门、北校园南门、东校园教学区北门、珠海校区南门、深圳校区南门，其他校门暂不开放访客通行，暂不接待参观人士驾乘机动车及非机动车入校。

中山大学提示：学校为教学科研单位，非旅游景点，不向任何机构或个人收取参观费用，未授权第三方提供任何形式的预约参观服务。预约通道刚刚“上新”，中山大学有关团队将持续做好系统优化和维护。请社会公众、校内单位和个人自觉遵守法律法规和学校管理规定，共同维护良好的校园秩序。(完)",2023-9-27 20:14
第一届夏季中山大学自贸区高端论坛举办,https://ishare.ifeng.com/c/s/v002Rvt4yh1dQLLtX36NwOxoR1ycS9hrZo--yV8fr7GBqouxM1--3MECN-_rwTYHP6FU6EPjuXqn7nJ4bDxIcdwgQmjHg____,,
马克龙致函感谢中山大学,https://ishare.ifeng.com/c/s/v002URvnTzMwqSPrdmAUefhHu8wyvjwP9nzFh--mz1slfAAs__,"中新社广州5月17日电 (记者 许青青) 记者17日从中山大学了解到，该校16日收到法国驻广州总领事馆转交的法国总统马克龙致中山大学校长高松院士的信函。

今年4月7日，马克龙访问中山大学，并在该校演讲和回答学生提问。马克龙在信中感谢了中山大学的盛情接待，并有机会参观校园与学生进行交流。

马克龙在信中说：“我近期在中国的国事访问彰显了法中双边关系的优先侧重点。人文交流，特别是青年以及大学生的交流是其中的重中之重。

我此行受到的盛情接待令我倍受感动。正如此前所说，我深信，至关重要的是在贵校与法国高教及科研机构之间巩固联系，发展更多有序合作，并加强双方学生、教师及科研人员的互访。”

马克龙还在信中表达了进一步的期望，希望在更广泛的层面上，通过此次法中媒体广泛报道的交流，重新点燃两国青年人对彼此国家的兴趣，推进两国对对方青年的吸引力。

马克龙在信中表示，法国驻华大使馆以及驻广州总领事馆愿随时与该校保持沟通，进一步推进合作。",2023-5-17 14:28
法国总统马克龙到访中山大学，受到同学们热烈欢迎,https://ishare.ifeng.com/c/s/v002dSJaH4JkmJXxxqPHv9okxtqWUz7HUTiwP2tlKc4YjMgCKdoaYw9G2PHqwEcJsSBwqxcsey8YfjatPWGHCDYd2w____,,
中山大学录取通知书随赠限量版地铁卡,https://ishare.ifeng.com/c/s/v002tEeydhiBlOgqMsFBORTfveFvlGdTvBwtlfHsem6q4z2Z--alZ2z2pDZaG0c--hCMnQQUZEdgXGMLivZgn--J--4W5A____,,
#中山大学：对法学院某教师启动师德师风调查,https://ishare.ifeng.com/c/s/v00221FdIuMN1yrUANuC2rmu0WKvgmFt7SBEDSfiYyBHGpokizPHvDnTDMp0WXvSYXDn6rxQxuT9vVdHMjO4d6rtZw____,,
“2021高等教育国际论坛年会”在中山大学举行,https://ishare.ifeng.com/c/s/v002v54YH4ZtQG25JMNK-_GvUspIVLvEONKUUa4hnwmMedsRqcvkJTbzy1mx3-_2CQfAjY8Nzzgu--1wdvHjjDZoKk3OQ____,,
中山大学、华南理工大学同一个校长？官方回应,https://ishare.ifeng.com/c/s/v002--p4WaIt481yBGR7dj--E3Y1aXgxtW-_5bUTA78eg6HPq8__,"广东两所985高校中山大学、华南理工大学正“共享”同一位校长。

6月20日，澎湃新闻（www.thepaper.cn）从华南理工大学党委宣传部和学校办公室证实：中国科学院院士高松目前仍担任华南理工大学党委副书记、校长，校方暂未收到教育部关于其校长一职的任免通知。

华南理工大学官网学校领导栏显示，校长一职仍为高松担任。

这意味着，高松院士自2021年11月担任中山大学党委副书记、校长以来，同时仍继续担任华南理工大学党委副书记、校长。

中山大学官网显示，生于1964年的高松，籍贯安徽省泗县，历任北京大学化学与分子工程学院党委副书记（2000年4月―2002年5月）、北京大学化学与分子工程学院副院长（2002年5月―2006年6月）、北京大学化学与分子工程学院院长（2006年6月―2010年11月）。2012年6月起任北京大学党委常委，2013年4月至2013年9月任北京大学党委常委、教务长。2013年9月至2015年3月任北京大学党委常委、副校长、兼任教务长。2015年3月至2017年10月任北京大学党委常委、副校长，兼任教务长和研究生院院长。2017年10月至2018年4月任北京大学党委常委、副校长，兼任教务长。2018年4月至10月任北京大学党委常委、常务副校长，兼任教务长。2016年5月至今兼任中国科学技术协会第九届、第十届全国委员会副主席。2018年10月至今任华南理工大学党委副书记、校长。2021年11月，任中山大学党委副书记、校长，主持学校行政工作，分管审计。

中山大学官网显示新任校长为高松院士。

另外，华南理工大学官网学校领导栏介绍，高松现任华南理工大学党委副书记、校长，主持学校行政全面工作，主管审计工作；分管学校办公室、审计处、发展战略与规划处、发展战略与政策研究中心。",2022-6-20 16:58
中山大学附属眼科医院眼药水不合格,https://ishare.ifeng.com/c/s/v002XSI6XQ-_NuGK0--ZHSp8SzEzwf8--W4FbOtfz1vcX5xm1U__,"中国经济网1月13日讯（记者 郭文培） 1月10日，广东省药品监督管理局发布2021年第11期药品抽查检验信息。经核查确认，2批次药品不符合药品标准规定。其中，中山大学附属眼科医院的1批次眼药水不合格。

公告显示，经广州市药品检验所检验，标示中山大学附属眼科医院生产的复方氧氟沙星滴眼液（批号为“20210114”；规格为“5ml:氧氟沙星15mg、羟丙甲纤维素10mg”）不合格，不合格项目为含量测定。含量测定指用化学、仪器或生物测定的方法，对原料及制剂中有效成分的含量进行测定。

记者微信检索发现，中山大学附属眼科医院即中山大学中山眼科中心，是一家三级甲等医院，在中国医院综合排名中，位列第65位。

值得注意的是，天眼查显示，去年12月，由于复方氧氟沙星滴眼液存在违法行为，中山大学中山眼科中心刚被广州市越秀区市场监督管理局行政处罚。此前，该医院还曾分别被广州市卫生健康委员会、广州市卫生和计划生育委员会、国家税务总局广州市越秀区税务局第一税务所行政处罚。

延伸阅读",
“中山大学”号入泊珠海港口 正式投入使用,https://ishare.ifeng.com/c/s/v002XqfDqG5whB3yE7Knbv-_UDmwT1QMlHlyNsabSYqy8QLDYqtvkHweH3JX4jIrFrZVPmGCGqwlB-_c5X51taQCpGBg____,,
化妆品宣传蹭“中山大学”名称，罚,https://ishare.ifeng.com/c/s/v002jOWsz2xE0otpax95hW2WwLnWIMjqsqXzoXqv6i8WkOA__,"本文转自【中国青年报】；

和中山大学没有任何合作关系，却在所销售的化妆品包装上标注“中山大学化学工程与技术学院技术支持” 的标签，广州九口山科技有限公司因经营标签不符合规定的化妆品，近日，被广东省广州市市场监管部门罚款10万元。

9月27日，广州市白云区市场监管局执法人员来到广州九口山科技有限公司的经营场所进行现场检查，发现该公司销售的“北芙美白滋养身体乳”化妆品的包装盒上标有“中山大学化学工程与技术学院技术支持”字样。因该公司人员无法提供相关中山大学技术支持的证明材料， 其行为涉嫌违反《化妆品监督管理条例》的相关规定。执法人员当场扣押涉嫌标签不符合规定的466瓶“北芙美白滋养身体乳”化妆品，并进行深入调查。

经查明，广州九口山科技有限公司于2021年8月3日从广州一家生物制品有限公司购进496瓶“北芙美白滋养身体乳”，购进金额298元。截至9月27日，该公司以每瓶70元的销售价格销售了30瓶，销售金额2100元，也就是违法所得2100元。在这些销售的“北芙美白滋养身体乳”产品上，其包装正面均标注有“中山大学化学工程与技术学院技术支持”字样，且“中山大学”部分字体明显大于其他内容。

标注有“中山大学化学工程与技术学院技术支持”字样

执法人员表示，在该产品生产过程中，与其标签所述中山大学化学工程与技术学院并无直接关系。因为这家公司不能提供中山大学同意以其名义进行产品宣传的证明材料。产品包装完全由这家公司自行设计，其标签上“中山大学化学工程与技术学院技术支持”字样属于虚假或引人误解的内容。这家公司虽提供了一份证明，但这仅表明中山大学化学工程与技术学院与一家名为媛函（广州）化妆品研究开发有限公司存在技术合作关系，与广州九口山科技有限公司经营销售的“北芙美白滋养身体乳”产品并无直接关联，也不能证明中山大学同意广州九口山科技有限公司以其名义进行产品宣传。

10月22日，白云区市场监管局向广州九口山科技有限公司送达《行政处罚告知书》，告知拟对其作出行政处罚的事实、理由、依据和内容。该公司接到《行政处罚告知书》后，提交了《申诉书》，承认其违法事实，但表示其产品上市不久、违法经营范围较小、没有造成重大事件且库存产品已被扣押，目前企业经营存在一定困难，所以请求适当减少经济处罚。广州市白云区市场监管局复核认为，上述处罚意见已经根据当事人违法行为的具体情节，适用了从轻处罚，因此对处罚不做调整。

执法人员认为，化妆品标签禁止标注虚假或者引人误解的内容，广州九口山科技有限公司违反《化妆品监督管理条例》第三十七条第一款的规定，构成了《化妆品监督管理条例》第六十一条第一款第（五）项的违法行为，生产经营标签不符合规定的化妆品。依据《化妆品监督管理条例》相关规定，执法人员对其作出处罚。

11月8日，白云区市场监管局对广州九口山科技有限公司开出《行政处罚通知书》，没收违法所得2100元，以及466瓶“北芙美白滋养身体乳”，并处以104160元的行政罚款。",2021-11-18 11:33
身边的重点工程：中山大学深圳校区年底基本完工,https://ishare.ifeng.com/c/s/v002cRZo1mqdgozo--zK5b4Q--dCl--EyfD9NGXqhe9fng7qQep1hj4UMSR7KvYl--raSuP14TXHmYkiS3X4-_5uEJUkfjg____,,
我国海洋综合科考实习船“中山大学”号试航成功,https://ishare.ifeng.com/c/s/v002wFFpVvNmtSqIyH6blvuJi4fz27--wdCAv2H1mAVTancxG4ncDRRuNy-_kLnjXzHOR0ut4a62hmVX-_33yvDTWdgUg____,,
中山大学：开除学籍,https://ishare.ifeng.com/c/s/v002wdYbmevtrkKmqiUOD-_9XB-_nNbpTc-_bkPxwKVye-_GIsg__,"日前，网传中山大学某学生在朋友圈捏造事实，诽谤他人，对当事人造成了名誉损害。

据中山大学17日晚间通报，经警方调查，情况属实。继珠海警方对涉事学生行政拘留之后，中山大学宣布开除该学生学籍。

通报全文如下：

近日，珠海警方调查确认，我校学生赵某晨，在朋友圈捏造事实诽谤他人，并给当事人造成了名誉损害。6月11日，珠海警方对赵某晨予以行政拘留三日处罚。6月15日，警方组织涉事当事人进行案情通报。6月17日，根据《中山大学学生处分管理规定》第十四条第四款， 我校对赵某晨给予开除学籍处分。

中山大学将一如既往维护风清气正的校风，绝不包庇纵容违法犯罪行为，打造清朗的校园环境。

另据楚天都市报极目新闻，6月17日，一篇名为17名女生被p图造谣私生活混乱：想要造谣者公开致歉的帖文引起网友的广泛讨论。

作者自述是中山大学的一名学生，现患上重度抑郁，被焦虑和痛苦淹没，无法正常学习生活，这一切都源于一起造谣事件。一位名叫赵某晨的学生，在长达半年的时间里，伪造了大量不雅聊天记录和虚假裸照，并将这些内容在线上线下大肆传阅和分享。另外，在此事件中还有3名主要传谣者，其中一人为赵某晨女友。

作者称，这起事件中，受害者并不止自己一人，有类似遭遇的还有十多名同校学生。这些受害者中，15个女生涉及2个校区，横跨5个院系、3个年级，很多人与赵某晨并无过多交集，也有部分女生曾是赵某晨的追求对象。

此事发生后，受害者曾将相关证据上报给相关学院和老师，并在6月10日向珠海警方寻求帮助。赵某晨被行政拘留3日后，学校和公安局组织当事人进行了案件通报，赵某晨对受害者进行了道歉，但受害者表示道歉缺乏诚意，希望得到公开道歉，由学校公开处理，尽最大可能消除对受害者的影响。

来源|@中山大学、楚天都市报-极目新闻

热点视频推荐

↓↓↓",2021-6-18 19:26
#中山大学通报赵某晨造谣多名女生#【中山大学：对...,https://ishare.ifeng.com/c/s/v0022sN1rwjwM5xnnbkEMfK5e0fJMAtmRN71DlKgVzWFFjY__,#中山大学通报赵某晨造谣多名女生#【中山大学：对捏造事实诽谤他人的学生赵某晨开除学籍处分】 @中山大学 ：近日，珠海警方调查确认，我校学生赵某晨，在朋友圈捏造事实诽谤他人，并给当事人造成了名誉损害。6月11日，珠海警方对赵某晨予以行政拘留三日处罚。6月15日，警方组织涉事当事人进行案情通报。6月17日，根据《中山大学学生处分管理规定》第十四条第四款，我校对赵某晨给予开除学籍处分。中山大学将一如既往维护风清气正的校风，绝不包庇纵容违法犯罪行为，打造清朗的校园环境。,
中山大学学子自发鼓掌感谢检测医护,https://ishare.ifeng.com/c/s/v002u39P07hg96U1riHAazkH-_XMJz2iDVApTHFM-_rpxc2Hl68UP6lGpdlriQnHfA7mQNnuxseDCM2--yUr9xTQFhwVQ____,,
中山大学成立眼科急症科,https://ishare.ifeng.com/c/s/v002qplVKm0nZKLq6dRbViFXVnjV-_IAIgX8FaEwiDuzhQ2Q__,"2月5日，记者从中山大学中山眼科中心获悉，为应对全社会对于眼健康日益增长的迫切需求，响应国家对于“加强急诊力量，畅通绿色通道”的战略号召，该中心依托中心卓越的平台建设、齐全的专科建制，已在国内率先成立眼科急症科，为广大眼科急症患者提供更加及时、高质的救治。

中山大学中山眼科中心副主任林晓峰表示，依托中心齐全的专科建制，眼科急症科完善亚专科急症会诊、转诊制度，利用急症救治平台，凝聚全院各亚专科专家力量，对于需要亚专科进一步治疗的重症患者，亚专科专家将第一时间参与到患者的诊疗过程。

近年来，随着近视人群的爆发性增长以及人口逐步老龄化，与高度近视、玻璃体退化相关的急性视网膜脱离（新鲜视网膜脱离）发病率逐年上升。当前，中山眼科中心眼科急症科将新鲜视网膜脱离纳入眼科急症救治之列，罹患新鲜视网膜脱离的患者就诊后，将通过急症绿色通道迅速完成术前评估，并由相应的专科教授为患者进行急诊手术，最大限度挽救患者视力。

“以往，眼科急诊服务对象主要是眼外伤患者。随着眼科疾病谱的改变，以及人民群众健康意识、就医迫切性的逐渐提高，眼科急症的范围也应有所调整。”中山大学中山眼科中心眼科急症科主任李涛表示，开科以来，诸多新鲜视网膜脱离、急性视神经炎、角膜溃疡穿孔等眼科急症患者均已通过急症平台得到了专科专家的救治。

据介绍，眼科急症科承担各类眼科突发急症和危重症的临床救治，对于急性发生的视力障碍、眼痛、眼红等急性眼病，急症科医护人员“全天候、24小时”守护眼健康。成立短短两个月，眼科急症科已为6000余名眼科急症患者提供了救治服务，急诊手术量近300例，其中新鲜视网膜脱离复位术80余例。

眼科急症科配备了专职的急症医护团队24小时接诊，并设置了专属的急诊检查室和治疗室，能够迅速完成对病情的初步评估和处理。通过协调检查、检验、手术室等中心各部门，开设急症手术的“绿色通道”，从而建立起预检分诊―接诊―检查―治疗的“一站式”急症救治模式，尽可能地缩短患者的救治等待时间。

眼科急症科集合预检分诊、检查评估、多专科诊疗为一体，除了承担眼科急症的临床救治，还将开展相关的临床研究，以及承担年轻医生、护士的诊疗培训，逐步打造成医、教、研一体，具有强大临床辐射能力和知名度的眼科急症救治平台。",2021-2-5 18:21
中山大学通报,https://ishare.ifeng.com/c/s/v002IOtceZ0H0X51PzHFTRatQ0sUciR7ZSmgVNgVG826DlA__,"7月8日，中山大学发布情况通报，原文如下：

2020年7月6日，我校收到关于教师王晓玮教学期间不当行为的情况反映。当天下午，在初步核查有关事实的基础上，学校即决定停止该教师的教学工作，并成立调查小组启动相关调查。

经调查核实，王晓玮于7月6日上午线上授课期间，作出不当行为并已构成重大教学事故，严重违反教学纪律。7月7日上午，校长办公会研究决定，根据有关规定，给予王晓玮调离教学岗位的处罚。学校调查小组继续调查其违反师德师风等其它问题，并根据调查结果依法依规进行后续处置。

学校对违反教学纪律和师德师风的行为，始终坚持零容忍，一经查实，绝不姑息。",
中山大学通报教师网课现不雅言论：调离教学岗位,https://ishare.ifeng.com/c/s/v002s9Y0lULAe07LA74P3SQBW8GphSouE8pmxR5nrwJ2SR3NSciqm-_B6rZAil66JnGkTCtB6XORDnHnKIb0HN3ae7w____,,
中山大学给每位湖北籍学生“悄悄”打款1000元,https://ishare.ifeng.com/c/s/v002HS83UHjAmbvIWcJkYCJ37BKaQfTf0t1Hix0jT-_dUi6Oy7xTRJPvO9RVlzEPC6aLLIIJ33OiLSdm02ZfHLjWUVQ____,,
中山大学一行访问科威特、土耳其,https://ishare.ifeng.com/c/s/v002jJFBCaU02xdYVexp9Q--arqQUUhw4ZwUoKPwcyYRJ8E0__,"近日，中山大学党委书记陈春声率团出访科威特、土耳其，先后访问了科威特海湾科技大学、科威特大学、科威特科学发展基金会（KFAS）、土耳其伊斯坦布尔大学、伊斯兰研究中心等高校及研究机构，推动共建“一带一路”行动，深化国际交流与合作。

陈春声率团出访科威特、土耳其

代表团一行首先访问了科威特海湾科技大学， 与校长Walid S.Bouhamra进行会谈，双方表示，希望今后在蓝皮书出版、双边研讨会、中文学习项目、教师互派、学生交换等方面进一步加强合作。陈春声和Bouhamra分别代表两校签署了合作谅解备忘录，旨在增进双方在教育、科学研究及文化交流方面的合作和联系。次日，代表团又访问了科威特大学，与校长Hussein Alansari会面，双方就促进两校互访、推动学生交换进行了深入探讨。当天，代表团还访问了科威特科学发展基金会，与会长Mohammed Alramadhan进行会谈，探讨了双方在医学、新能源、沙漠治理、海水淡化等方面合作的可能性，并计划推进中山大学、科威特科学发展基金会、科威特海湾科技大学的三方合作项目。

代表团在访问土耳其伊斯坦布尔大学期间，与校长Mahmut AK进行了会谈，双方希望深化两校在历史学、国别与区域、中东研究等学科的合作，并推动学生交流与教师互访等。

出访期间，代表团还访问了科威特研究发展中心（CRSK）和伊斯兰研究中心及苏莱曼尼大图书馆手稿文献局。

本次访问以学术和学者为纽带，在“一带一路”倡议的背景下开展人文交流，探索并落实中山大学与“一带一路”国家高校及科研机构的常态化学术交流机制。（图文：单雯 刘宇晨）

责编：张阳",2020-1-10 10:32
中山大学第八临床学院深圳挂牌,https://ishare.ifeng.com/c/s/v00205--XArOEQFGD5vpGJ1v9nJUNKw6O6mGWyGPMvcVCmew__,"中新网深圳7月13日电 (记者 郑小红)中山大学第八临床学院13日下午在位于深圳福田区的中山大学附属第八医院挂牌，建筑面积达21万多平方米的医院新大楼同时启用。

中山大学第八临床学院揭牌。　钟达 摄

在当天举行的区校共建中山大学附属第八医院工作推进会暨挂牌仪式上，中大八院院长沈慧勇表示，自2016年8月26日福田区政府与中山大学签署共建协议以来，中大八院作为中山大学直属附属医院，借助中山大学高水平的平台优势进行了医疗资源整合，实现资源共享，医院整体医疗质量、服务水平、管理能力和综合绩效均得到进一步提升，为医院的长远发展注入了新的活力。此次启用的医院改扩建工程是福田区重点民生建设项目，开放床位1649张，在硬件设施和医疗设备方面均跻身深圳前列。

中山大学校长罗俊说，附属医院系统是中山大学重要的组成部分，学校对中大八院的要求是新大楼投入使用半年内完成“三甲”医院评审，5年内争取进入“全国百强”，为深圳居民带来具有中大水平的高质量医疗服务。

深圳市卫健委主任罗乐宣希望中山大学继续为深圳传递医教研高质量和高水平的技术水平和管理经验，继续向深圳输出医科高水平临床重点专科的学科团队。

当天，中大八院“中山大学名医诊疗中心”正式运行，这也是中山大学各直属附属医院著名专家在深圳唯一的“集中展示平台”。首批进驻专家逾40人，均来自广州中山大学各直属附属医院，涵盖内科、外科、妇产科、眼科、中医科、口腔科等学科，该中心未来还将建设远程会诊中心，不仅对接中山大学各直属附属医院，还将直接对接国内外著名医院或专家，患者在这里就可实现“看海内外名医”愿景。

中山大学附属第八医院新大楼启用。　钟达 摄

2015年11月3日，中山大学与深圳市政府签署战略合作协议，越来越多的“中大元素”开始走进深圳人的生活：以医科和新兴工科为主的中山大学深圳校区开工建设，一年一度的中山大学国际青年学者深圳论坛落户鹏城，中山大学附属七、八两家直属医院运行良好。(完)",2019-7-13 22:25
中山大学校园内发现疑似汉墓,https://ishare.ifeng.com/c/s/v002lJzyQXgE-_pBi3c10Sl0DmskGqLWDLcYrD--Rlby47Goc__,,2019-1-7 14:04
法国总统马克龙到访广东中山大学,https://ishare.ifeng.com/c/s/v002-_Td7nnN9aXqT1HEJM08B-_LNCcoK06fGcIE7M2xRnN8q3DhA4fLxkua7lgrGC--yC1--QFXM64Zgm3GSjSz5gQQYw____,,
记者连线｜马克龙中山大学发表演讲并与学生互动,https://ishare.ifeng.com/c/s/v002QaNVpNY4jgzPFeAFnrRXrOHt89eXyTkBgvM5r1uq4KpkdHoMwSijm5BmNUb2qhofjN6Q4rI4fcODBCOpfs928A____,,
1999年中央决定全国高校扩大招生，中山大学珠海校区应运而生,https://ishare.ifeng.com/c/s/v002hBQY2MAr5mv--7Jg4h5tpI7--Pp7LH8Y3bnrHPc73cLOySHDbczVFwDqS--El7II8tM7--GtLs-_xQCkJ6ElsrKUllA____,,
邹鲁重返中山大学担任校长，专家如何评价他领导下的中山大学？,https://ishare.ifeng.com/c/s/v002xYCFbc1ZSBNyMB4P6nnsEbTidnKBjiQRx7ZyrfGWiT5mAJarHC-_Go0pVmA-_YS32QkysNOUHtUMD--thNNB4uMcg____,,
灭蚊用上了核技术，中山大学另辟蹊径,https://ishare.ifeng.com/c/s/v002p06Qp4zZdzkBqFzDJIEhERPSjn33wxkzs6i5I5bFUlQUV25H-_VLv0B5lrG9--EsvvDYWSlP7--ldZr28rhw1zjyA____,,
揭秘：莫斯科中山大学江浙同乡会的缘起,https://ishare.ifeng.com/c/s/v002VgthCFMeiVy5s06OSVmnZ5eyZW3famEoF7NCtF5sNxYhBHWPjvJ83lAmoSYwu8NFKKJcac5jPLwD9whVsZzvNg____,,
中国留学生在莫斯科中山大学的生活如何？,https://ishare.ifeng.com/c/s/v002H7tpB3Uq4i--7IW9U4f-_-_6ZdZqndEvMQqkruBqciwnaBQXd84HCDRN9ayunxsH6AUxF50e5IeO8UkReVXHstq-_w____,,
苏联为何将莫斯科中山大学，命名为中国劳动者孙逸仙大学？,https://ishare.ifeng.com/c/s/v002w7qjdDm7EQvByO7zO4aH0nLis5e50gATTgWrLeDT-_uGZbi8WbkjOu1--E1rzkFNPyd98DsIOc3d29iXUiwThx2w____,,
邓小平与蒋经国曾是莫斯科中山大学的同窗好友,https://ishare.ifeng.com/c/s/v002veqCSi1iIyimV4gmYpPC2Sat1tu6Glc46-_ineztgR0V5HdEOKd9aeQ9KhBQ--vToXJByeF8tg6fOiZHQVk4u4dQ____,,
莫斯科中山大学建成，进步学生纷纷到国外留学,https://ishare.ifeng.com/c/s/v002k4bw0vZuMcWANSe2z6FlVaIDdRNZivYArb8XhluAgqQweMJ4G9HIWbwQRLH07IhYxz9mO3CwWl5T61fZKVyLQA____,,
中山大学学生抗战历史，文学社学生曾加入东江纵队,https://ishare.ifeng.com/c/s/v002XBTkrpmbFYVMlu1lsYI8I--eootmWIMkzq5Mag9CFd8Zw--HIqLbzBUSomAmTcWQR6gn37D4nNFxyGIwv6vP7VBw____,,
中山大学教育史：抗战时期，学校各系选址为何相距数百里？,https://ishare.ifeng.com/c/s/v0025ECF0GskP1J8sfrK--YArtn6HexTIByTgIQ3hz2aMethPSwEU--vHDMSg796P68Xn3-_oH-_ZskS65wV-_oAsR0Q0qg____,,
1940年抗日战争胶着，中山大学为何顶着炮火迁回广东办学,https://ishare.ifeng.com/c/s/v002HoRPikGwZWuUNW0KTm7hfujB6ch3GiS1YDsBpFq4--ZdOJ2nr3yPFrOG-_9q1-_M9qXX8ldKq--rTENcECnOLxVDRg____,,
揭秘抗战历史：中山大学搬到澄江后面临哪些难题？,https://ishare.ifeng.com/c/s/v002vbcXlwJFNa6KHnfTI0A7tIt-_yy1BzwapJS3gHU6qf43TFCBNivBzRYq-_xAXI3fQDG7--IYy-_1c3fu-_YQgx7nOPw____,,
抗日战争时期，为何中山大学要搬到澄江？,https://ishare.ifeng.com/c/s/v0021Ay0Y8fFLSqpDI2BWWLAdsID7iTEz6Fs2IwCnTnpTOfMdE4ii65DZ82ywWssK5rIUdfXCwkSNLugnoszZAqWrg____,,
广州中山大学一院援鄂医疗队高科技抗疫,https://ishare.ifeng.com/c/s/v002UBxeEF--eLgkrnsAJ9xa-_ENtELFIAX7kpMeMg21OaxSMBaflX4h49UXqku8bI3Uz25JZSJTm4Q2iSZu-_Rp4T-_Hw____,,
中山大学公布2020年考研复试分数线,https://ishare.ifeng.com/c/s/v002qcx93H--SL3fWPTx2L98c3NcIP8av4bnGESdNO8eCJIY__,,2020-4-16 17:30
中山大学施工现场挖出疑似汉朝古墓 还有陶制随葬品,https://ishare.ifeng.com/c/s/v002hIRP5bKfX0XOMb3DPIyCA0CHFEAQnoETMsEp4MQeVZPTga2vuS02ftkkygy1h2M3S8pl0itw9qlFQt3yrDRhww____,,
中山大学学生会致歉：公告错误使用级别表述,https://ishare.ifeng.com/c/s/v002eaNy6tDEdAHUGECTnGOfHH366uguDGXAespYbFGvajBFqGMbtbFge-_dTuTYuAFM2jr6e3FxI4gye--4S9--PQxIw____,,
山高水长・中山大学80周年,https://ishare.ifeng.com/c/s/v002A1tghg8XsGhUMzqx81gNqDMTtEhy4FSIGlT-_Hexpd0DGXUEulwPiARY-_fBuiIS--608ReUOuFuiyvI5CIhGELdw____,,
红色风潮・莫斯科中山大学往事（五）,https://ishare.ifeng.com/c/s/v002PqGlNwKcJbPM1XzZs6--aRzU6oGEdTm9l64EDRG6m7XUhTpDfxwphYAPNzuTMbJq3k--1CacIpdapuM--UHOg--atA____,,
红色风潮・莫斯科中山大学往事（二）,https://ishare.ifeng.com/c/s/v002--sbAlDUSuRRQb0Wu-_VNnJuzbpsXEJ6C45wWdCc6oun3v4Ejtwqd3PGTKDhf8GQcnHYJNLLZcuZpeDsbzsEcOgg____,,
红色风潮・莫斯科中山大学往事（一）,https://ishare.ifeng.com/c/s/v002Nt8yO2OeAN5I4mOKJ3dv5pX9qvRaE8trhOfvEtuER2Wcc5muGNQIxPKKf75Vok8AIu7A-_LA1FixatAWk--6U4ww____,,
红色风潮・莫斯科中山大学往事（四）,https://ishare.ifeng.com/c/s/v002iJMSPCOUiLsWBZil1tsCf9DpCirQp1CK84G8Yi--buGU2yMjUvY3TpFUgtbKIQ1PbB5xq0t2rjWxpB7RKeGvYJQ____,,
红色风潮・莫斯科中山大学往事（三）,https://ishare.ifeng.com/c/s/v0020sPnacRFwjRnfr8l5ooxmukP-_MCLG0Sjzs0-_aZ7c9e20a9SDYoLs6xM0RuR-_Oi94NpDUmwHT00WrW7Mw6alvhQ____,,
凤凰大视野｜红色风潮：莫斯科中山大学往事,https://ishare.ifeng.com/c/s/v002KNMHiKHM7dPpv9hfKvO4SejMoIBwx5FXIv--WMnE5nIu2EUQeoWsQuoGMchJDQ-_1ad53s--F12DVl-_mT0dqgWPIA____,,
中山大学｜真执杖，还得看孙逸仙魔法大学！,https://ishare.ifeng.com/c/s/v002AFQGyTklFVP6rOqtz3h7Tb1b7y7Aplokqsn2r6tT2zHydlt4n15j2eT0qz3r1qCiOqV84Ri5Md1CtkFX66Vi3g____,,
中山大学“组团式”技术帮扶澄江,https://ishare.ifeng.com/c/s/v002vAxXgkQxaLkf4keOz4QsckfyAWrl8WxDudRmkSXwD28__,"专家团义诊、教学查房、帮扶医院建设、学术讲座培训，11月2日，中山大学“组团式”技术帮扶澄江活动举行。

当天上午8点多，前来澄江市人民医院就诊的市民排起了长队，等待专家义诊。针对云南地区的常见病、慢性病，主办方组织内科、外科、妇科、儿科等科室的多名专家参加义诊、教学查房、现场指导及学术讲座。通过义诊普及医学和健康知识，倡导健康生活方式，引导群众科学就医。上午3个小时内，共有426人次接受专家团义诊服务。

据介绍，此次活动旨在进一步落实精准定点扶贫，促进西部地区公立医院建设各项事业均衡协调发展，不断巩固西部地区医疗卫生事业扶贫成果。由广东省健康管理学会、广东省医院协会牵头主办，中山大学、中山大学附属第一医院、广东省医院协会医院后勤管理专业委员会联合协办，召集相关专家学者组成专家团，通过开展义诊等活动，对中山大学澄江市人民医院的临床医技、基建管理开展“组团式”帮扶活动，推进加快中山大学澄江市人民医院建设；同时开展医院管理和医疗业务指导，提高澄江市人民医院的管理和诊疗技术水平，实施医疗精准帮扶。

据悉，2017年3月，玉溪市人民政府与中山大学签订合作框架协议，双方将在澄江合办中山大学澄江医院，借助中山大学先进办医理念、科学管理模式及优质医疗资源，实现与国内一流大学合作开办一所高水平医院的战略构想。

中山大学是我国历史悠久的重点名校，拥有在全国具有较强综合实力和专科实力的多所附属医院与医疗中心，也是华南地区医疗、教学、科研、预防保健和康复的重要基地；中山大学与玉溪交流合作源远流长，抗日战争时期，中山大学各院系师生、家属分15批约4000人整建制搬到澄江，并在澄江办学两年，双方由此结下了不解之缘。（玉溪日报全媒体记者 蒋跃）",2020-11-5 0:00
中山大学新增一名正厅级常务副校长,https://ishare.ifeng.com/c/s/v002H1f--bSMdCCRb--D9ePGufkcQbCDUVx5xfavpKg6wm0Lo__,,
院系调整中的中山大学,https://ishare.ifeng.com/c/s/v002V2oMKqTa9xeiYGfx2hqe2ZzLyl8rpKC9BqRmlW1G9kM__,"新中国成立后不久，全国范围内进行了被称之为“院系调整”的大规模大学组织机构改革，以便从国家整体利益出发，更加有效和有计划地培养人才。

这次改革对中山大学的影响极大。正是院系调整的实施，基本奠定了中山大学新的规模和发展方向，也促成了中山大学校址的迁移和教学体制的又一次重新建构。

//

院系调整前的中山大学

1951年9月的中山大学，设有文、法、理、工、农、医和师范等7个学院31个系（医学院不分系），俄文、会计、林业、体育4个专修科，语言文学、植物、土壤肥料、教育等5个研究所，另有附属医院、附设学校等众多单位。

与其他高校相比，办学规模居于当时我国高等院校的前列，有四百多位教师、助教，两百多位职员，学生数也有两千六百多。

中山大学校舍全景（石牌）

1949年中山大学院系设置

20世纪50年代初，苏联专家来访交流（石牌校址）

50年代中山大学的院系调整分两次完成，至1954年基本结束。一次主要为广东省范围内的调整，一次主要为在中南区高等学校院校调整委员会指导下的调整。

//

第一次院系调整

1951年11月3日至9日，中央教育部组织召开全国工学院院长会议，制定了1952年全国工科院校的调整方案，揭开了1952年全国院系调整的序幕。

1952年5月教育部制定了“1952年全国院系调整方案”，不仅限于工学院，还涉及到其它各个专业。此次调整遵循了整顿综合大学、发展专门学校的原则，学院建制也被取消。

1952年在清远县参加土地改革的我校文科师生

1952年2月，广东省广州区高等院校调整工作委员会成立。

1952年10月，广州地区高等院校开始大规模的院校调整工作。

10月23日，中山大学院校调整筹备委员会成立。委员会主任由许崇清担任，副主任委员为冯乃超、陈序经，委员则包括王越、姜立夫、王力等11人。

20世纪50年代，许崇清（前排左一）、冯乃超（前排左二）与学校各部门负责同志合影

广州的高等教育资源重组和配置的具体情况是：为了配合国家建设的需要，使广州区各高等学校，能发挥其更大的培养专门人才的作用，将广州原中山大学、岭南大学、华南联合大学、华南师范学院、广东省立法商学院、广东工业专科学校等高等院校，统调为一所综合大学（中山大学）和四所专门学院（华南工学院、华南农学院、华南医学院、华南师范学院），财经学院则拟设于综合大学内。

参与院校调整的广州各高校都编制了“院系调整教职员工情况调查表”

//

具体调整情况

1. 原中山大学工学院、农学院、医学院、师范学院划出去，与岭南大学、华南联合大学等有关系科合并组成华南工学院、华南农学院、华南医学院、华南师范学院的重要部分；

中央人民政府卫生部电报（1953年5月13日），中央文委同意岭南医学院与中山医学院于1953年8月1日合并为华南医学院

2. 原中山大学的部分系科还在全国范围内调离、配置，如理学院天文系调去南京大学、地质系调往湖南矿业大学；哲学系调往北京大学等；

中山大学理学院天文台

3. 新中山大学也吸收多方资源，具体有原中山大学的文、理、法各学院，岭南大学的文理科各系，华南联合大学的文法科各系，以及财经学院和广东法商大学。

1952年10月21日，中山大学从广州东郊石牌迁入广州南郊康乐村，图为20世纪50年代学校正门

4. 1952年10月21日由石牌校址迁至原岭南大学校址，中山大学原石牌校址则成为新组建的华南工学院、华南农学院的院址。

中山大学石牌时期（1934.11-1952.10）正校门

中山大学搬迁至康乐村后于11月25日举行开学典礼，图为当时校报《人民中大》报道

5. 中山大学医学院调出后，与岭南大学医学院合并组成华南医学院，中山大学原百子岗校址，成为新建的华南医学院院址，当时可能只是临时性质，后来在柯麟等人努力争取下成为永久院址。

柯麟，著名医学教育家，1955年1月起任华南医学院院长

1952年9月10日，华南医学院建校委员会成立纪念

1953年8月12日，华南医学院举行成立典礼，图为合影留念

50年代中山大学的院系调整分两次完成，至1954年基本结束。一次为广东省范围内的调整，一次为在中南区高等学校院校调整委员会指导下的调整。

//

第二次院系调整

1953年院系调整工作以中南区为重点。在中南区高等学校院系调整委员会的领导下，中山大学开始进行第二次调整。

中山大学从7月份就开始准备，包括成立财经、政法各系调整工作组，了解师生思想情况及存在的问题反映给上级参考等。调整开始后则加强宣传动员，组织好迎送工作，并切实解决好教师子女入学等问题。

中南区1953年高等学校院系调整师资调配方案

//

调整具体情况

1. 原设在中山大学内的财经、政法各系分别调至武汉大学、中南财经学院、中南政法大学等院校，除个别教师因校内需要留校工作外（如夏书章教授），老师们也随系一并调动，一百多位老师从广州出发前往武汉。

2. 原武汉大学、湖南大学、广西大学、南昌大学、华中高等师范等院校文理科部分师生调至中山大学。

1953年第二次院系调整，中山大学共调出教师一百三十多人，学生六百多人，调入教师三十人，学生人数四百多人。图书、仪器、设备等也随之进行了一定调整。

20世纪50年代，校党委第一书记、副校长冯乃超（左3）陪同外宾在图书馆参观

3. 1953年12月底，高教部和中国科学院会商决定中山大学植物研究所自1954年1月起改由中科院领导，陈焕镛教授等进入中科院系统。

农科研究植物学部主任陈焕镛教授

4. 1954年院系调整工作仍在继续，中山大学语言系调整到北京大学，但并不完全是整体迁出，商承祚教授、高华年教授等留在中大工作。

//

院系调整后的中山大学

院系调整后的中山大学，成为由文理各系科组成的综合大学，建立了校、系、教研组的教学管理组织架构，更加专业化、规模化地培养新中国亟需的各类高级建设人才。

从1952年到1959年，教师从约两百人增加到五百多人，在校学生也从近一千人增加到约三千八百人。

50年代生物系教师在本校植物园进行现场教学

50年代外文系教师合作编写教材

中山大学的基本结构是在8个系下设置11个专业，8个系分别是中文、外文、历史、数学、物理、化学、生物、地理系，11个专业分别为数学、物理、有机化学、动物、植物、自然地理、中国语言文学、英国语言文学、历史、法文专业、经济地理专业等。除法文专业学制为四年制外，其它专业均为五年制。

院校调整后中山大学文理各系科的师资也得到加强，陈寅恪、梁方仲、杨荣国、容庚、姜立夫、高兆兰等教授被调入中大，他们优秀的品格和精湛的学术造诣熏陶着一代代莘莘学子，奠定了中大优良的学术传统。

陈寅恪教授，1955年当选为中国科学院学部委员（院士）

50年代杨荣国教授等人在惺亭前合影

1955年全国政协会议召开期间，周恩来总理亲切接见我校参加会议的政协委员姜立夫教授

院系调整促进了新中国高等教育事业的快速发展，各地高等教育均获得较大发展，为国家经济建设和社会发展提供了强有力的人才支撑。

中山大学在两轮院系调整中，向国内高校、科研院所等输送了大量优秀的师资，这批调整出去的教师日后成为了多所高校、科研院所学科的中坚力量，有的成为了学科的领军人物，对新中国的高等教育事业发展做出了不可磨灭的贡献。

作为另一条院系调整的支线，1954年光华医学院并入华南医学院，学校先后易名广州医学院、中山医学院，1985年改名为中山医科大学，进而在新世纪之初的2001年10月26日，原中山大学与原中山医科大学合并，组成了新的中山大学。

2001年10月26日，教育部、广东省人民政府在省政府礼堂召开中山大学、中山医科大学（原华南医学院）合并组建新的中山大学大会

如今的中山大学，是一所文理医工多学科并重的综合性大学，同时确立了广州校区、珠海校区、深圳校区“三校区五校园”错位发展、合力支撑的发展新思路。站在新的起点上，我们也将继续为建设世界一流大学的目标努力奋斗！

中山大学三校区五校园发展格局

改编自张建奇，《20世纪50年代院系调整中的中山大学》，《现代教育论丛》2020年第5期。

图片来自档案馆馆藏。",2023-2-19 11:07
为什么我坚持说：中山大学，您错了！,https://ishare.ifeng.com/c/s/v002hbfNq7gu6EIiBqgTjobq4aCR-_EE206oXNnjFKiIrkvYsC6u2-_4cJ7DyprcyQYL-_UTo0kxURZ9FXYQpOcEKBgTw____,,
中山大学，你错了！,https://ishare.ifeng.com/c/s/v002S35Xwuqh8fTbRouAI3uy-_L46RBw--plkhqGp2Xf06Dd0__,"最近，中山大学把2021年实施的大类招生政策，全部推翻，全面回归原来的样子！

从2021年18个大类招生的专业，变成69个专业进行招生！这种变化，简直让人目瞪口呆！

看到这个变化，我不禁想问中山大学的两个问题！

第一个问题：2021年推出这项大类招生政策时，你们经过思考和论证没有？

大类招生，把学生招进去，你们的分流政策，师资教学安排，这些配套政策，你们都做好了安排没有？

如果做好了，想好了，为什么又要改？

第二个问题：2022年改弦更张，你们经过思考和论证没有？

如果说你们这次是经过深思熟虑的，拿出了“刮骨疗伤”的气魄，从18个大类招生专业，变成69个专业小类招生，那么我想追问一句，2021年的政策，是怎么出来的？

你们考虑过，2021年的考生被大类招生进去后，到了2022年发现居然“上当”了的感受吗？

如果2021年的政策也是“深思熟虑”的，那你们出台这项招生政策的“初心”是什么？

如果2021年的政策不是“深思熟虑”的，那么你们怎么保证2022年的政策，未来不会发生类似“2022年的巨大变化”？

招生政策事关学校人才的入口，这两年中你们政策的“左右摇摆”，关系到的可是莘莘学子的终生选择和幸福！

作为志愿填报咨询师，我知道，2021年中山大学的录取数据，经历了怎样的大幅波动！我也理解当政者的纠结与难受！

我也记得在中山大学2021年大类招生政策时，我写过的一段话：

“很多人在评论中山大学的大类招生时，想到的是专业分流，但如果师资和培养机制能跟上的话，学科和类学科之间的交叉融合，对于我们培养学生文理融通，学科交叉方面，是不是更有利呢？”

我始终认为，中山大学在2021年推出大类招生时，是有自己的考量和配套的人才培养政策的。

但遗憾的是：作为一项政策，如果当政者没有足够的定力，没有坚持人才培养的独特的理念，朝令夕改，即使想法再好，也终是昙花一现，令人扼腕叹息！

再补充一句：

中大，你是不是觉得你改了政策，学校的录取分数就会上涨到原有的高位？

中大，你是不是觉得，原来的大类招生不好，现在的这个政策才是真的好？

中大，你错了！",2022-6-9 16:15
中山大学，您错了！,https://ishare.ifeng.com/c/s/v002xXwzRC7Ao2iIR4MZArDBCbp6wsYnlOfSyEakZ9nKWcc8CLFchSDm0lwq1v9pjQgC65brwcMipKRFsm4Sv7cC8A____,,
中山大学大类招生取消，2022报考要注意什么？,https://ishare.ifeng.com/c/s/v002jE6X1C7caxafd9-_KElXd45ekBjGDT9cugUmHc8LJ2id9JhkmPS2rUKYL0LgWKRSRqYvE2--8HxKs1zuqVblIc-_Q____,,
考研名师李磊公开课-2022年中山大学复试资格基本要求分数线,https://ishare.ifeng.com/c/s/v002o30wmBAGWR1Ho2Dw9R1OTitZfKKh7CsZwQ0yI50C8k2X9ZbEEBbS8nW5hPQAYDR8--RzK2Fe14zioWMEQDvMalA____,,
李磊老师-中山大学软件工程学院2022考研招生简章,https://ishare.ifeng.com/c/s/v002cpqz--puBuWzbjxcHKMnAQP7Dt0UxU4FbvRCOcSF5Bg4EBSb7X8S9PjXOtQCMuAQb7pAuLCXZNnsS8mJkufIFww____,,
李磊老师-中山大学2022硕士研究生招生院系说明,https://ishare.ifeng.com/c/s/v002s--uqhi0AXQFqXEAqvmLMKf0EI12PLf8BvAcYZbzgZq-_2CHhDXg9FxW0I7-_dS2tVaChb6SQNfEhohlMRncXjBmg____,,
李磊老师-中山大学2022硕士研究生招生说明,https://ishare.ifeng.com/c/s/v002Eg65q6re9LHX11IupE8uWnKNkF12xC4pbf0CFR4V-_z4zheT--E6ITmH3YF32-_hYlafxh1XLEpsUO95B5cNXCAUg____,,
中山大学附属南昌医院召开专题会议 传达中山大学春季工作会议精神,https://ishare.ifeng.com/c/s/v002rOxhmkefR2AftOBE3s--jmBkaCPCZkpBJZ1rAAiEiHEQ__,"3月27日-28日，中山大学2021年春季工作会议召开。为传达会议精神，布置相关工作，4月1日，中山大学附属南昌医院召开传达2021年中山大学春季工作会议精神专题会议。院党委书记苗伟主持会议，院领导班子成员、全院中层干部近200余人参加会议。

会上，陈燕铭向全院传达了2021年中山大学春季工作会议精神。

陈燕铭表示，中山大学春季工作会议系统全面梳理了学校在“十三五”时期所取得的突破性成绩，明确了学校在未来五年内的主要任务，提出了“明确四大关系，坚持四大原则”的具体要求。

陈燕铭结合医院实际情况对医院工作进行部署。她强调要坚定使命感和方向感，在中山大学发展框架下抓住发展机遇，坚持“三个面向”，对标“德才兼备、领袖气质、家国情怀”的人才培养目标，坚定不移地推进立德树人的根本任务，改革创新医院人才培养体制、突出教育临床导向，做好医院人才培养和学科建设工作，为医院建设成为国内一流、国际知名、专科特色明显的现代化综合性医院目标凝心聚力。（中山大学附属南昌医院供稿）",2021-4-2 18:38
中山大学学报(社会科学版)2020年总目录,https://ishare.ifeng.com/c/s/v002LgmJS91-_goKU7Dlvt0eAxetbyCZF5vcnvwNGc5bbIdA__,"中山大学学报（ 社会科学版 ） 2020年第1-6期

第60卷（总283期-288期） 2020年出版

双月刊 1955年创刊

总 目 录

中山大学学术名家访谈

治国理政之学，善政良治之用

――夏书章教授学术访谈

夏书章，朱正威（1）

溯源讨流，说文解字

――曾宪通教授学术访谈

曾宪通，陈伟武（2）

脱俗求真，继往开来

――蔡鸿生教授学术访谈

蔡鸿生，江滢河（3）

文史情怀・守正创新・道法自然

――李锦全教授学术访谈

李锦全，杨海文（4）

立足中国企业成长，创建管理前沿理论

――毛蕴诗教授学术访谈

毛蕴诗，郑英隆（5）

读书不肯为人忙

――胡守为教授学术访谈

胡守为，刘　勇（6）

跨区域与文化研究

栏目主持人：刘志扬

行走的秦汉少年

――教育史视角的考察

王子今（1）

清代农作物交流与四川山地民族交融

秦和平（1）

风险和灾害的宗教解释与应对研究

李永祥（1）

“健康中国建设的理论与实践”专题

主持人：申曙光

“健康中国建设的理论与实践”专题导语

申曙光（1）

健康中国建设的理念、框架与路径

申曙光，曾望峰（1）

健康中国战略与中国社会政策创新

岳经纶，黄博函（1）

健康中国建设背景下医疗服务满意度的实证评价与政策优化

郭　林，管理定（1）

宗教与文明研究

栏目主持人：[德] 王丁

阿拉伯、波斯史料中的海南岛

［德］廉亚明（2）

布古特碑粟特语部分再考

［日］吉田N（2）

明教护法考

尤小羽（2）

人名之为史料

［德］王　丁（5）

挪亚之子雅弗的译名

高峰枫（5）

西魏晖华公主墓志所见的吐谷浑与柔然名号

罗　新（5）

突厥地名札记

［德］茨默著，朱　虎译（5）

西夏文佛典中的四个人名

高山杉（5）

巨野元代景教家族碑历史人名札记

马晓林（5）

名以造境：中西文学里的人名修辞术

张　治（5）

中国文体学研究

栏目主持人：吴承学

“论家之正体”

――宋代经论初探

巩本栋（3）

传奇杂剧的最后调适与中国古典戏曲的终结

左鹏军（3）

《考工记》与晚清工艺书写文体

刘春现（3）

经典与阐释

栏目主持人：陈少明

生命的精神场景

――再论《庄子》的言述方式

陈少明（3）

心的两面：论孟子的心灵观念

刘　伟（3）

东林学派的“新心学”建构

――论明清之际哲学转向的一个新视角

陈　畅（3）

汉宋之争的三重向度

――以朱次琦汉宋学论为中心的考察

李　辰（3）

赋学研究

《东都赋》的“事实”与“义正”

――兼论《两都赋》的作成时间

侯文学（4）

汉代赋选与大赋文本特征

韦春喜（4）

正统观的艺术呈现

――三十二体篆书乾隆御制《盛京赋》论

潘务正（4）

“中国双向直接投资”专题

主持人：黄新飞

“中国双向直接投资”专题导语

黄新飞（4）

东道国政治制度质量如何影响中国OFDI决策？

――基于资源寻求动机与调节效应视角的实证检验

黄新飞，林志帆（4）

双向FDI影响区域创新能力的门槛效应研究

――基于知识产权保护的视角

代丽华，林发勤（4）

数字政府能否留住外资？

李　磊，马　欢（4）

海外背景董事可以提高企业的海外投资效率吗？

――来自中国的证据

綦建红（4）

纪念中国人民抗日战争胜利75周年

“如子始堪称国士”

――《凤凰城》的“苗可秀”塑造与抗战时期民族意识的建构

杨　慧（5）

贡赋经济体制研究

栏目主持人：刘志伟

贡赋经济体制研究专栏解说

刘志伟（5）

财政、市场与明中叶福建食盐生产管理

叶锦花（5）

市场流动与盐政运作：明代两广盐业布局的重构过程研究

李晓龙（5）

从“计丁办课”到“课从荡出”

――明代淮南盐场海岸线东迁与灶课制度的演变

徐靖捷（5）

清代食盐运销的成本、利润及相关问题

陈　锋（5）

词学研究

栏目主持人：彭玉平

时代变局中的家国书写与词风进境

――以《庚子秋词》《春蛰吟》为中心

郭文仪（6）

王国维接续词统与追求词境“高格”的新理据

杨柏岭（6）

中山大学与现代中国

里昂中法大学与中山大学的历史渊源

蓝澍德，黄　峪（6）

亚欧文化研究

栏目主持人：郭丽娜

“安菲特利特号”与18世纪法国的“中国器物热”和“中国风”

［法］布里吉特?尼古拉著，郭丽娜译注（6）

比中国人更像中国人：17―18世纪在华耶稣会士

［法］弗朗索瓦・穆罗著，桑瑞译，程曾厚校（6）

《易经》的拉―法转译与法兰西第三共和国的教―俗争议

郭丽娜（6）

维克多・谢阁兰的《古今碑录》：一部汉法双语的“现代诗”集

［法］包世潭著，郭丽娜译注（6）

文学

《左传》叙事见本末与《春秋》书法

张高评（1）

黄培芳与粤东诗学的发轫

蒋　寅（1）

明散曲历史观的新旧格局及其曲学思想根源

马　昕（1）

公园：民国西方旅行者的北京想象

林　峥（1）

比较诗学视野中的叶维廉文图关系理论研究

黄　一（1）

世变中的艺术歌曲

――论黄自音乐美学

金婷婷（1）

王湾《次北固山下》诗学史意义的确立

戴伟华（2）

白居易中晚年涉道诗之“矛盾”新解

――兼论白居易的宗教信仰与佛道二教之关系

郭　健（2）

诗集笺注凡例与清人的文学阐释

何诗海（2）

终身不离悔吝咎，一日不废画书诗

――从创伤记忆看沈曾植辛亥前后的诗歌写作

汪春泓（2）

文化的应激反应

――再论五四新思潮

林　岗（2）

黄叶楼之乌托邦及其现代遭遇

朱兴和（2）

召回被放逐的抒情

――从1940年代穆旦的两篇诗论翻译谈起

王岫庐（3）

自然与当下中国电影的审美内涵及其叙述可能

陈林侠（3）

中国人种西来说与近代楚辞学新变

狄霞晨（4）

中国现代文学史料学发展历程与学科属性

付祥喜（4）

俄苏文学译介中的民族国家话语及其困境（1930―1945）

――以《文艺月刊》《文艺先锋》及《矛盾月刊》为例

孙　霞（4）

熔式经诰与自铸伟辞

――但丁在《神曲》第一歌中的文体创制

肖　剑（4）

几案尤物与文字之祥：宋代文人与砚

钱建状（5）

“剥落”的“老丑”：宋诗衰病书写与身体审美转向

庞明启（5）

被隐没的沉浮与文学书写

――易代之际袁于令事迹心态发微

石　雷（5）

明中期文柄旁落下的文坛变局

饶龙隼（6）

范成大与楼钥交游考论

刘　蔚（6）

历史

彝―小爵：夏商周酒器―礼器演进的多重变奏

张　法（1）

“封禁之故事”：明清浙江南田岛的政治地理变迁

谢　（1）

冷战的终结与欧洲主导权之争

――英、法、美、苏四大国围绕新欧洲秩序的战略互动

王　帅（1）

再论“元始旧经”和“新经”出世先后问题

――兼评刘屹博士《六朝道教古灵宝经的历史学研究》

王承文（2）

南宋京湖战区形成史

――兼谈岳家军的防区与隐患

陈希丰（2）

空间方位观念与商周王朝秩序

邓国军（3）

心学“乌托邦”：钱穆《国学概论》之理路与志趣发微

於梅舫（3）

唐代诗文证史札记

――纪念陈寅恪先生诞生130周年

蔡鸿生（4）

明代王府香火院的土地优免问题

――以山西太原崇善寺为例

吕　双（4）

一分为三：明代运河水柜南旺湖权益分化的演变

凌　滟（4）

晚清民国时期获鹿县皇庄庄头考察

王立群（4）

美国对尼泊尔政策的形成与调整

――以中尼建交为核心的考察

温　强，李星然（4）

北宋东京近郊的农业转型

梁建国（6）

清代乡会试五经文的场次及地位变化

安东强（6）

哲学

“纯化”与“泛化”：以胡著哲学史为考察中心

陈仁仁（1）

基于意图的说话者意义

――兼论非自然意义理论与会话蕴含理论的关系

荣立武（1）

儒家的制作图式及其与道家的分判

――以中国早期哲学为中心

闫月珍（2）

《庄子》中的蘧伯玉

――一种孔庄异同的比较

杨　勇（2）

功能主义多元论

周振忠（4）

齐泽克反对列维纳斯

――兼论精神分析的他者问题

刘昕亭（4）

王阳明龙场悟道的释经学意蕴

郭　亮（4）

从“工匠制作”的隐喻看荀子的“先王制礼论”

徐　翔（5）

宋元朱子四书学诠释纷争及学术版图之重思

――以史伯v《四书管窥》对饶鲁的批评为中心

许家星（5）

洛克的“白板”与现代人的“自然权利”

张　沛（5）

以王观陈：重审陈寅恪对王国维之死的双重解释

陈　慧（6）

个体和整体双重视角下康德的人性发展观

刘凤娟（6）

社会学、政治学

城市公园的日常生活实践、需求满足与社会福祉

――上海市中山公园和大宁公园的实地研究

张敦福，高　昕（1）

房价、房产与城市居民的主观阶层地位

――基于中国劳动力动态调查数据的实证研究

蔡　禾，卢　云，张蕴洁（2）

特朗普“购岛风波”及其对丹美同盟关系影响

张乐磊（2）

居民互联网使用对其自评健康影响机制探究

――基于2016年中国家庭追踪调查数据

陆杰华，汪　斌（3）

城市变革、边缘社群与地方社会

――岭南地区早期社会学的一个研究进路

黄晓星（6）

行政吸纳市场：“中国式”监管的制度困境

――以保健食品为例

胡颖廉（6）

法学

论我国法治路径之变革

――以公法与私法规范配置为视角

代中现（3）

“法律与商业行规”的理论谱系

――基于交叉学科视角的多维阐释

董淳锷（3）

程序规范的判例之维

――以近年来民事审判中的“测谎”实践为例

巢志雄（3）

经济学、管理学

卖空制度、企业投资与资源配置效率

顾乃康，周艳利（1）

企业债务与经济增长：基于增长理论的量化分析

李连发，戚逸康（2）

共享经济的学缘基础、生成路径与福利效应

李　刚，周加来（2）

绿色全产业链评价指标体系构建与经验证据

毛蕴诗，［哈萨克斯坦］Korabayev Rustem，韦振锋（2）

基于滚动窗口单位根检测的我国A股市场定价泡沫问题的研究

李　锐，宋　烁（2）

社会公共服务领域的协同治理研究

――基于地方政府与社会组织策略互动的动态演化视角

陈怡俊，汪丁丁（3）

制度异质性感知与新兴市场企业国际化行为

张　唤（3）

企业承担社会责任对员工情绪耗竭的缓解机制：一个被调节的中介模型

陈宏辉，薛　姗，张　麟（3）

不确定性冲击对宏观经济变量影响效应的差异性研究

――基于金融摩擦区制的视角

喻世友，宋晓飞（5）

我国碳排放权交易政策完善与促进地区污染减排效应研究

――基于省级面板数据的双重差分分析

李胜兰，林沛娜（5）

行政审批改革与企业全要素生产率

――基于行政审批中心设立的准自然实验

詹新宇，王一欢（5）

腐败治理与国有企业代理成本

应千伟，杨善烨，张　怡（6）

数字金融对小微企业融资约束与杠杆率的影响研究

梁　琦，林爱杰（6）

编后记

但愿一识韩荆州

彭玉平（1）

万方多难此登临

彭玉平（2）

簪花坐赏镜中姿

彭玉平（3）

无端来此作诗人

彭玉平（4）

与客携壶上翠微

彭玉平（5）

一别西风又一年

彭玉平（6）

查看往期目录及摘要

新刊速递|中山大学学报（社会科学版）2020年第1期目录及摘要

2020年1月15日出版

新刊速递|中山大学学报（社会科学版）2020年第2期目录及摘要

2020年3月15日出版

新刊速递|中山大学学报（社会科学版）2020年第3期目录及摘要

2020年5月15日出版

新刊速递|中山大学学报（社会科学版）2020年第4期目录及摘要

2020年7月15日出版

新刊速递|中山大学学报（社会科学版）2020年第5期目录及摘要

2020年9月15日出版

新刊速递|中山大学学报（社会科学版）2020年第6期目录及摘要

2020年11月15日出版

初审：宋宇

审核：詹拔群、周吉梅

审核发布：彭玉平、李青果",2021-1-12 10:34
#中山大学副教授否认燕窝是智商税#,https://ishare.ifeng.com/c/s/v002jnIB--Sk06GOJsPEqq7v8YrG1WT4oFi9JwXLNekIx34T5G9CbGpwpYX422BnX2d3cb85lb8wyAdJx4yR-_Xinnyw____,,
【小焦】少女时代-再次重逢的世界【中山大学】,https://ishare.ifeng.com/c/s/v002Z8DGLjahcL42fZrlAX43fyoV2ci0xOwOZQUifAEglmGGyT2sogK5WODD80TzhIN2luYb2ri0epyqQj1EAZpF3A____,,
医学考研院校分析：中山大学,https://ishare.ifeng.com/c/s/v002hjwxnCVG--gWAxQ0G4Ge9ZUYreDRmjUgf3u2jdOblX-_c__,"一、直属医院有哪些?

中山大学附属第一医院(本部、 黄埔分院)、中山大学附属第二医院(孙逸仙纪念医院)、中山大学附属 第三医院、中山大学附属第五医院(珠海医院)、中大台学附属第六医院(胃肠肛门医院)、中山大学附属 第七医院、中山大学附属第八医院(福田人民医院)、中山大学附属眼科医院(中山眼科中心)、中山大学附属口腔医院(光华口腔医院)中山大学附属肿瘤医院(肿瘤防治中心)。

其中七院和八院暂无独立招生，分别挂在附一和附三招生。

1、中山大学附属第一医院

中山大学附属第一医院(本部、东院)，东院也称中山大学附属第一医院黄埔分院(原中山大学附属第四医院)， 基地医院包括:江门市中心医院、中山市人民医院、东莞市东华医院。

优势学科:肾内科、普外科、神经科、内分泌科和耳鼻咽喉科等5个学科

报考分析

中山大学附属第一医院的综合实力很强，在复旦大学医院管理研究所主持评审的全国医院排名中，中大附-的综合排名仅次于北京协和医院。

临床专硕各科室平均最低332分，最高412分， 稳妥分数380分。

2、中山大学附属第二医院

佛山市第一人民医院。(佛山市第一人民医院是地级市中最高的医院，不想留在上级医院的后进之才的好去处)、汕头市中心医院(汕头最好的医院)、惠州市中心人民医院。

优势学科:泌尿外科和内分泌科

报考分析

中山大学附属第二医院的地理位置佳，待遇比附一稍好，学硕研一在北校区，科研经费和附一差不多，科研基金逐年上升。一二附院科研、临床实力差异不大。

临床专硕各科室平均最低分336分，最高421分， 稳妥分数371分。.

3、中山大学附属第三医院

中山大学附属第三医院(原中山医科大学附属第三医院)，医院目前拥有院本部(天河院区)、岭南医院(萝岗院区)、粤东医院、肇庆医院(筹建中)四个院区。

优势学科:风湿免疫科

报考分析

临床专硕各科室平均最低339分，最高392分，稳妥分数377分。

4、肿瘤防治中心

中山大学肿瘤防治中心(中山大学附属肿瘤医院)位于中广州市，创立于1964年，承担国家肿瘤防治重任,是国家抗肿瘤新药临床实验研究中心，在全国尤其是华南地区及港澳台的肿瘤防治工作中发挥着龙头作用，学科地位、综合实力居全国领先水平。

自建科30年来，该科已开展肺癌手术4000多例，在肺癌的外科治疗及综合治疗上积累了丰富的经验。胸部肿瘤患者手术并发症发生率仅为0.97%，肺癌患者术后5年生存率39%。

优势学科:肿瘤科和放疗科

报考分析

全国排名第二，有想法到华南地区就业的可以考虑，若未来想留在该医院，还需要留学经历。

临床专硕各科室平均最低分336，最高419分，稳妥分数391分。

5、中山大学中山眼科中心

中山大学眼科中心，中国医院眼科声誉和科技影响力排行第一，全国唯一的眼科学国家实验室，第一个眼科学报考分析院士就是在这里出来的。

中国医院最佳专科声誉排行榜眼科第一名，除了眼科外，还可以选择报考基础医学。

眼科专硕最低341分，最高385分，稳妥分数365。

6、中山大学光华口腔医院

中山大学光华口腔医学院，附属口腔医院是教育部直属重点高等院校的口腔医学教学医院。

报考分析

中国医院排行榜华南专科榜首，牙体牙髓病科、口腔颌面外科、口腔修复科、口腔正畸科4个国家临床重点专科。

学硕各方向平均最低339分，最高377分,稳妥分数353分。

7、中山大学附属第五医院

中山大学附属第五医院位于珠海市美丽的香洲湾畔，情侣路旁，医院毗邻澳门，邻近码头及国际机场。国际医疗救援定点单位，也是外国使领馆指定的珠海救治单位。

优势学科:介入

报考分析

中山大学附属第五医院是集大型三级甲等综合医院。

临床专硕各科室平均最低342分，最高401分,稳妥分数366分。

8、中山大学附属第六医院(广东省胃肠肛门医院)

优势学科:胃肠肛门、生殖医学

临床专硕各科室平均最低347分，最高381分，稳妥分数358分。

本文根据网络内容整理，如有侵权请联系删除。",2020-8-7 17:30
中山大学河南研究院在驻马店成立,https://ishare.ifeng.com/c/s/v002UFFCtU3y9QUSAlHst7xXZ9i3PAHhrhMqkywsPgkS9Xs__,,
中山大学历史学系简介,https://ishare.ifeng.com/c/s/v002kxrFCXiMrLE5miL--rnW4uSYqVXGU2vbET-_OwSjb7Yv4__,"中山大学历史学系成立于1924年，多位中国现代史学的奠基人，如陈寅恪、傅斯年、顾颉刚、岑仲勉、刘节、梁方仲等曾任教于此，开创了深厚的学术传统。本系历代学者严谨治学，精益求精，传承着博大持中、追求卓越的优良学风，使学系成为蜚声海内外的学术重镇。

本系为国家人文社会科学基础学科人才培养与科学研究基地，拥有中国史、世界史、考古学三个一级学科博士和硕士学位授予权及博士后流动站，2019年入选首批“双万计划”国家级一流本科专业建设点。历史学实践教学是我系人才培养特色，“新时代卓越历史学人才培养体系”获广东省教育教学成果奖特等奖。中国古代史、中国近现代史是国家级重点学科，世界史是广东省重点学科。拥有教育部人文社会科学重点研究基地历史人类学研究中心、近代中国研究中心、孙中山研究所、宗教文化研究所、台湾研究所、广州口岸史重点研究基地、历史地理研究中心、艺术史研究中心等科研机构。

本系师资力量雄厚，现有教授28人、副教授21人、专职科研人员及博士后近50人，拥有国务院学科评议组中国史学科召集人1人、教育部高等学校历史学类专业教学指导委员会主任委员和秘书长各1人、中国史学会副会长1人、长江学者特聘教授1人、“百千万人才工程”第一层次入选者1人、教育部跨世纪和新世纪人才9人、中组部“万人计划”青年拔尖人才1人、广东省教学名师1人、珠江学者特聘教授1人。

近年来，本系中国史学科在近代中国的知识与制度转型研究、历史人类学研究、孙中山研究、中国社会经济史研究、中古文化与制度史研究、中西经济文化交流史研究等领域，形成了较大优势和鲜明特色；世界史学科在东南亚史研究、欧洲文明史研究、国际关系史研究、亚洲海洋史研究、中外关系史等领域，具备了良好的发展基础和拓展潜力。近五年来，本系学术成果丰硕，在重要核心期刊发表论文400多篇，其中在《中国社会科学》《历史研究》《世界历史》《中国史研究》《近代史研究》等权威期刊发表30多篇，出版著作近百部，在研国家级项目有20多项，获得教育部高校优秀科研成果奖、广东省社会科学优秀成果奖十多项。《近代中国的知识与制度转型》《历史・田野丛书》《中西交流历史文丛》等大型学术丛书广受海内外同行好评。

学系与美国、英国、法国、德国、俄罗斯、日本等国家及港澳台知名大学和学术机构广泛开展了学术交流与合作，共同推进了学者、学生互访项目，逐渐成为中国最有吸引力的史学交流合作中心之一。合作项目“中国社会的历史人类学研究”为香港特别行政区大学教育资助委员会卓越学科领域计划，吸引了来自国内20余所高校及海外10多个国家与地区的学者。中山大学历史人类学研究中心基地刊物《历史人类学学刊》、艺术史研究中心出版的《艺术史研究》期刊得到海内外学界的好评。

近年来，学系在“国家文科基础学科人才培养和科学研究基地”中山大学历史学人才培养模式的实践基础上，构建全球史视野下通专结合的高水平史学专业课程群，以及进阶性实践教学体系为骨干的第一、第二课堂融合平台，旨在立德树人，专注教育，涵养学术，培养具有高尚品德修养和时代使命感、扎实史学专业基础、系统人文社会科学知识和优秀研究潜质、视野开阔、全面发展的新时代卓越历史学人才。本系教师注重教学，对学生严格要求，包容关爱，师生相得益彰。“中国近代史”、”中国古代史“、”史学概论“课程为国家级精品课程、”“中国古代社会经济史”为广东省重点建设课程和精品课程；多项研究成果获省部级优秀科研成果奖，一些研究成果在国内外居一流水平。

本系每年招收历史学专业本科生约60人、硕士生约60人、博士生20人。本系多年来已培养数千名高质量优秀人才，在各行各业担负重要责任。本系学生多年来养成踏实、勤勉、博闻、多思的学风，在各方面取得优异成绩。本系十分重视良好学风的建设和学生综合素质的培养，在往届的全国“史学新秀”论文评选中，我系学生共获得5个一等奖，9个二等奖，6个三等奖，1个优秀奖，是国内各重点大学中获得该奖项成绩最好的院系之一。在过去几年中，近一半毕业生获得了免试攻读硕士学位研究生资格。一些同学进入北京大学、清华大学、复旦大学、南京大学、中国人民大学等国内知名学府及QS排名前100境外高校继续深造。毕业生主要在党政机关、文化事业单位、传媒机构等政府或企事业单位工作，受到用人单位好评。

责任编辑：书生",2020-4-21 9:00
中山大学发现之美,https://ishare.ifeng.com/c/s/v002O7Rn7FDl3BlbYuZlRVLwcFs0nVBvbekpRo--aaGiD2Hw__,,
中山大学英语专业考研历年分数线汇总,https://ishare.ifeng.com/c/s/v0024gA85zlJTheerpcEMeV3AxMvpE--xJl2ryixa4gFsppI__,,
2020考研进行时：中山大学管理学院,https://ishare.ifeng.com/c/s/v002uEmqpP7trUAgYjZ8bGOQo-_Vf1bVYE8WHZoOMh0AtyjUyP5fgnUHOOSy1P1--PBfG6EuF4HAOZTV4q-_8yh1bW0QQ____,,
中山大学大学城校区装门禁引“限外”质疑,https://ishare.ifeng.com/c/s/v002cPtGjpLza97DHNi5ZRsX-_Aj2ifiUnweaQUf77-_WMWcxLMzbeVyDRmnouSdpQio31UhymugF7doHzocxa-_VKRAQ____,,
李力刚中山大学授课取得圆满成功,https://ishare.ifeng.com/c/s/v002b01-_DoeKB-_-_vjp-_AAWrLVyargEVKCiqfjycvmpAd33k__,"本次是中山大学36期总监班，以往都邀请李老师上谈判课程，是中大最受欢迎的讲师之一，所以本次特邀李老师开新的主题讲授《大客户战略营销》，学校的白老师也说，期待老师的不一样。本次是35和36班同学合班开课，原来只能坐150人的教室来了170人。

课程延续李老师幽默风趣的风格，上课开始就笑声不断，在李老师带领下达到了一种合一的状态。领略着大客户核心的销售点：培训教练。在整个案例讲授期间，同学们都全程参与，抢着上台互动。课间一大批同学来和李老师合影互动，围着老师猜性格，真是不亦乐乎。学员们两天的课程收获满满，笑声满满。

老师金句：

狭路相逢勇者胜，要么你大我，要么我大你。

谈判高手一定要让对方感觉到赢。

搞定别人，给的一定是别人最想要的。

只要客户有异议，就说明我们没给够。",2019-10-14 13:11
王力中山大学任教条件：创办中国第一个语言学系,https://ishare.ifeng.com/c/s/v002OEREkZO0rxfHkLxE0zLzYyXvUotGcno1kuIyx7LVCiekrEqy0rOasmF7BPOknfOUcivsC53Z8Z5rweSS-_g--irQ____,,
2019年中山大学云南省招生宣传工作安排,https://ishare.ifeng.com/c/s/v002biAuOrkOnRFBNm9zdywpbOsb16O-_bUfGZIEGa4ey5Q4__,,
中山大学2019年本科招生章程,https://ishare.ifeng.com/c/s/v002Ge8r--bxniyhvXropMdKgNfT8YxvxVJ47H-_rkBexZqD8__,,2019-6-8 9:55
中山大学中山医学院的招生简章,https://ishare.ifeng.com/c/s/v002Bb-_AkisRWqjy2hlfFD6tt86uTfXfPToMpLKY4vtnF90__,,
中山大学2019年硕士研究生招生考试复试基本分,https://ishare.ifeng.com/c/s/v002Jjrdqp80QEbi93fF--dGpVORTTlDAa7Psw4-_Sq1vKGrcevHrTmqs--MFuWLJBdJqGcLInyHYGAJJ23GzoUn-_67vg____,,
李磊老师：中山大学硕士研究生复试分数线,https://ishare.ifeng.com/c/s/v002w4YpnZkVpKZ8C-_UdX--125ZleEMN5L6A9hUkNLwzhCVo3tg4ED2F9D-_3lu2R2LCqQHLZecrmgtjQv06srbJl7Jg____,,
中山大学考研复试备考要注意什么？,https://ishare.ifeng.com/c/s/v002L1BlmHybf9h4csJ66aT8g1PlS1unTcjm-_1qUwhOhtsA__,"中山大学考研复试备考注意事项

复试如火如荼，在众多的复试因素中导师关系的处理越来越受到同学们的关注，但是也不是随随便便就能和导师“攀”上关系的，这里面有很多的注意事项和温馨提示。

首先，何时联系导师比较合适。大家知道各个学校的设置不同，在录取之前，有的学校是报导师，有的学校是报导师组，当然，无论是那种形式我们都必须做好联系导 师的工作，不过，因为情况不同联系导师的时间也有差别。报导师的同学应该在报名前就联系，最有用的是探听一些保送内定等消息，以免让自己糊糊涂涂走进死胡 同；报导师组的同学在复试前联系，现在正是复试进行时，咱们同学一定要有所行动。

第二，如何联系导师。在进行联系之前，同学们一定要查询到导师的相关信息，看看他的学术研究，争取在充分了解导师的情况下开始联系导师，而且注意，要以让导 师舒服、喜欢的方式。比如，如果你能有机会见到导师（这里插一句，最好是之前与导师已经有过交流的情况下，比如电话、网络等），那么，在哪里见？一般选在 导师办公室比较合适，尽量不要在工作时间，快下班时比较好，而且去之前一定要给老师打个电话征求一下意见。

第三，何种形式联系导师。大家首先想到的肯定是打电话，导师的工作电话很容易从学校网站上找到，第一次电话不要目的性太强，主要是介绍一下自己，让老师有个 初步印象；接下来可以有邮件往来，可以适当的和老师探讨一下专业问题或者是请教问题，注意问题的专业把握；第三步，如果有可能，争取和导师见面，见面是最 直接有效的给老师留下好印象的形式，但前提是你得表现的好，之前关于学术问题的探讨老师对你的专业素养有了一定的了解，见面了就是导师看你整个人的素质 了，这包括你的穿着、谈吐、态度、应变等，所以一定要做好准备再见面，最好能做一个简历，把自己的一般情况和获奖情况以及发表过的文章放在一起，尽量把简历作的简单、扼要而且美观，凸显出你的个人优势及特点。

最后说说联系导师的频率。当然还是一个度的问题，不能太多频繁也不能应付了事，觉得联系过一次就行了，而是应该每过一段时间就主动联系一下，而且要注意每次有新内容，不要让老师觉得怎么说来说去都是那点东西呢，一定要每次接触中都能让老师了解你多一点，慢慢积累起对你的印象和兴趣，这对你将来复试场上面对他是很有好处的。

补充一点，有些同学问送礼的事，其实说送礼有点过了，也就是随手带点特产或者水果就行，不要太贵重，这样老师会有负担而且也容易对你产生看法。

此文章来源于网络，如有侵权请联系删除，具体的内容还需以中山大学研究生院官网为准，本文由逸仙中大考研网编辑发布

更多中山大学考研初试指导、初试经验、复试经验、考研真题等，尽在逸仙中大考研网

?",2019-3-7 14:19
中山大学2019年外语类保送生招生简章,https://ishare.ifeng.com/c/s/v00286LPHgExCklVcGHjgKjCeMZAOraNGbooPZKFAg6K6Wc__,,2019-1-9 10:13
中山大学食堂工地挖出古墓 考古院介入,https://ishare.ifeng.com/c/s/v002sghLqJKqbq4OqK9L8Jy2eo8zb2XswlBd1FoRA8EebR82Hio-_NrLvDr3IAMTHUFp8aabVWo7IZ2Mom8ISWUjnyA____,,
中山大学：在职考研通过率如何？,https://ishare.ifeng.com/c/s/v002u69EJElqJNjOAOQxqKHG6U8nyrZmdlE3KO6qQCkYc18__,,
超赞！中山大学15种语言贺岁曲《小幸运》,https://ishare.ifeng.com/c/s/v002A2-_jLNQ8Lzkm8bKwCC6Ti1lg-_puBiZ4t21DlEmCXgJlA--ayXfIcrXLuN2rk5mGoQhtPJb0mb7fBgB-_DglFmpgg____,,
特困生被指用近2万元苹果四件套，花1500元看演唱会，中山大学通报#中山大学,https://ishare.ifeng.com/c/s/v002Rdb2PD6oUzh--A6Q3N6o--yzgKLdhgIh5hympbPf7f-_ULdkCSShkI1CUtj0924-_vD--AES485WFPTODSUx--Cx--BMw____,,
中山大学岭南学院MBA项目信息,https://ishare.ifeng.com/c/s/v002rLqAstpfQt-_qgnLz-_k2sfYxe88DZEP3ho--ir--mnSdPI__,"中山大学是华南地区的热门投报学校，其所属的岭南学院也是炙手可热，小编今天整理了MBA项目的相关信息，希望对大家有帮助：

项目信息：

1、非定向就业的硕士研究生和定向就业的非在职硕士研究生可申请中山大学硕士研究生奖助金（包括国家助学金、学业奖学金和学业助学金），符合条件的还可申请国家奖学金、学院设立的奖助金及企业、社会团体和个人设立的各类奖助金。

2、定向就业的在职硕士研究生不能申请中山大学硕士研究生奖助金、国家奖学金。能否申请学院设立的奖助金及企业、社会团体和个人设立的各类奖助金，由设奖单位公布的评选办法确定。

3、中山大学硕士研究生奖助体系的具体内容见《中山大学研究生学费与奖助体系试行方案》，请登陆中山大学研究生院网页查询。

4、硕士研究生奖助金实行动态管理，每年评定一次。具体评审办法参见中山大学研究生奖助金管理相关规定。

5、全日制和非全日制研究生实行相同的考试招生政策和培养标准，凡学完所规定的全部课程，考试成绩合格，修满规定学分，完成硕士学位论文并通过答辩者，由中山大学颁发相应的、注明学习方式的硕士研究生毕业证书，授予工商管理硕士学位。

6、全日制和非全日制研究生的学历学位证书具有同等法律地位和相同效力。

课程设置：

全日制国际班

岭南全日制国际MBA项目开设9门核心课、3门必修课和多门选修课，学生完成至少45个总学分和毕业论文并通过论文答辩，即可获得中山大学工商管理硕士学位证书、中山大学研究生毕业证书以及MIT学习证明。

非全日制国际班

岭南非全日制国际MBA项目开设9门核心课、1门必修课和多门选修课，学生完成至少45个总学分和毕业论文并通过论文答辩，即可获得中山大学工商管理硕士学位证书、中山大学研究生毕业证书以及MIT学习证明。

非全日制中文班

岭南非全日制中文MBA项目开设10门核心课、1门必修课和多门选修课，学生完成至少45个总学分和毕业论文并通过论文答辩，即可获得中山大学工商管理硕士学位证书、中山大学研究生毕业证书以及MIT学习证明。",2021-5-23 19:47
中山大学岭南学院MBA项目简介,https://ishare.ifeng.com/c/s/v002n9nmJN80Y4RRsuKq-_PClRHkWLKakAWylpQI--JwEGj0A__,"中大岭南EMBA的目标是培养EMBA学员有一个国际的视野，同时讲好一个亚洲和中国的故事。我们EMBA的课程，也会因为每位学员的参与而更加的丰富多彩。

――刘明康名誉院长岭南EMBA十周年寄语

1、学风：学习主张、严格、严谨、严肃

2、岭南EMBA文化中，学习依然是第一位的。因此岭南文化首要的是强调严格、严谨、严肃的学风。

3、坚持“三严”学风会让我们的EMBA学员有如下收获：

1）更完备地搭建思想体系；

2）更顺利地拿到硕士学位；

3）更纯粹地享受同学情谊。

师资：名师汇聚、博观约取

智者，知人也、博观而约取，诲人而不倦。

岭南EMBA破除门户之见，合纵连横，建立校际联盟。授课师资由国内外知名教授组成，他们不但拥有丰富的教学经验，还有担任国内外大型企业，政府顾问的宝贵经历。除此之外，更邀请具有政府任职背景的专家参与授课，以丰富和完善EMBA师资结构。

同时岭南EMBA倡导“在华南，为华南”的理念，力求将先进的管理思想与本土的管理实践相结合，致力于以学术智慧帮助企业立足华南，驰骋中国，迈向全球。

课程：精粹课程、学以致用

信者，人言也；言者，惟真也。治世之道，惟言传身教也。

岭南EMBA课程将国外前沿管理理念与中国本土化商业实践相结合，注重提高学生的领导力、战略管理水平、资本运作能力和社会责任感。整套课程涵盖结构型学习和智慧型学习两大体系。

2022级MBA报名条件：

1)国民教育系列大学本科毕业后有3年以上工作经验的人员（截至2022年9月1日）；

2)已获研究生或以上学历，并有2年以上工作经验的人员（截至2022年9月1日）；

3)考生持境外获得的学历证书报考，须通过教育部留学服务中心认证，资格审查时须提交认证报告。

学制学费：

学制两年，在职学习。每月四天（周四到周日）集中学习。

学费51.8万人民币。

学位授予：

学完所规定的全部课程，修满规定学分，完成硕士学位论文并通过答辩者，由中山大学颁发硕士研究生毕业证书及硕士学位证书。",2021-5-23 19:45
中山大学岭南学院MBA申请短文,https://ishare.ifeng.com/c/s/v002--HCKrr2pZ3vxuHcW8rG9ufGKwQmkVZsdzWXIfsKEM6M__,"中山大学在华南地区属于传统名校，同时社会认可度也很高，所以来说每年都有很多的申请者，中山大学岭南学院在深圳主要是偏重于供应链和金融方向。

从往年的数据来看，申请短文的内容与形式也是比较灵活的。且中山大学岭南学院的面试流程是没有英语快节奏的20分钟面试流程的，申请短文就显得更加重要。小编整理了往年真题，并做出建议，希望对大家有帮助：

题目：如果你只能选择三个品牌和你共度余生，你会选择哪三个，为什么？

题目的解读：主要有两个关键词语品牌与余生，所以首先我们要首先理解什么品牌，其次再要说明什么余生，最后再说明二者之间的关系。

题目的解析：著名市场营销专家菲利普科特勒博士这样解释品牌：“品牌是一种名称、术语、标记、符号或图案，或是他们的相互组合，用以识别某个消费者或某群消费者的产品或服务，并使之与竟争对手的产品或服务相区别”。

所以我们在写作短文的时候一定要具体说明一个具体品牌的名称，不能只是写明一个类别的品牌，另外也要思考那些品牌有可能和你一起共度余生，就说明这个品牌要对你的现在和以后都有关系，另外我们在品牌的时候也是你对于人生观的一个选择，你的认知的维度的选择以及你对于以后如何生活的看法。

我们可以从以下几个维度记性思考:

一是从现在从事的职业维度进行思考，现在就职的企业如果是一个比较大平台那么多也可以是一个我们的选择，这样体现了我们的归属感。

二是从范围的维度考虑，全球化的前提下我们是可以选择国内和国外的品牌，但是现在明显全球化在近期受到了一定的影响，所以也可以更多的选择的民族品牌。

三是从人生的角度思，在选择品牌的时候不只是选择和工作相关的也要兼顾你的生活你的志趣，毕竟余生这个概念你是不能一直工作的。",2021-5-22 17:56
中山大学岭南学院MBA简介,https://ishare.ifeng.com/c/s/v002aXj--aMUNwiwoMrJU92FZ6JMUs--YEddjor4uvXPqxve4__,"2018年《金融时报》亚太商学院及MBA项目排行榜，中山大学岭南学院登榜位列第25位，中国内地排名第7位；同时，岭南学院MBA项目位列亚太地区排名第18位，中国内地排名第5位。岭南MBA项目始于1998年，是中国最具影响力、最有价值，和最受雇主欢迎的MBA项目之一。

岭南学院MBA班(以中文教学为主)的培养特点体现为理论与实践相结合，国际与本土案例并用，学习形式为非全日制三年。

学生完成培养方案规定的课程和必修环节，通过论文答辩，获得由中山大学颁发的国家承认的学历和学位证书。

下面是小编整理的关于初试、复试相关信息，让大家在考前复习阶段有一个大致规划，希望对大家备考有帮助，

初试：

工商管理硕士（MBA）初试科目为管理类联考综合能力和英语二。

综合能力为全国联考科目，满分为200分；

英语二为统考科目，满分为100分。

全国统考和联考科目的命题工作由教育部考试中心统一组织；统考科目考试大纲由教育部考试中心统一编制，联考科目考试大纲由教育部考试中心或教育部指定相关机构组织编制。

初试地点：考生在网报时按规定选择报考点

复试：

复试分为“提前面试”与“公开招考”两种形式。

1.提前面试

符合报考条件的考生可申请参加提前面试（不接受报考专项计划的考生、国际留学生、港澳台考生申请提前面试），该面试成绩仅当年有效。

提面成绩优秀：国家初试达国家线+政治合格=拟录取

提面成绩良好：国家初试达国家线+政治合格+提面成绩=总分（从高到低）拟录取

提面未通过（含未参加）：国家初试达学校线+政治合格+公开招考成绩=总分（从高到低）拟录取

2.公开招考

未参加“提前面试”、或“提前面试”评定为“不通过”的考生，若初试成绩达到学院复试分数线要求，其复试形式为“公开招考”。",2021-5-22 17:55
中山大学岭南学院MBA复试,https://ishare.ifeng.com/c/s/v002K0Vte1ZfCqgU04X0tavkcQtPreRyLcn21HV9YWuqMUQ__,"以下是小编整理的中山大学岭南学院MBA复试信息，希望对大家有帮助：

资格审查：

（一）资格审查材料

1、身份证原件正反面（复印件）。如果身份证丢失，可以用临时身份证（在有效期内）或户籍所在地派出所开具的户籍证明（贴有本人近期一寸免冠照片、盖骑缝章）。曾经更改过姓名或身份证号的考生，需提供户口本或公安局开具的证明。

2、初试准考证（中国研究生招生信息网下载）。

3、学历证明（往届考生须提交《教育部学历证书电子注册备案表》。

4、本科阶段学习成绩单（原件应加盖学校教务管理部门公章，复印件须有“原件复印”并加盖原件存档单位公章）。

5、毕业证书、学位证书复印件（毕业证书丢失的提供“中国高等教育学生信息网”的《教育部学历证书电子注册备案表》或《中国高等教育学历认证报告》）。

6、凡于境外获得的文凭须提交教育部留学服务中心出具的认证报告。

7、在读研究生需提供培养单位出具的同意报考证明和提交入学前完成原学校退学手续的承诺书。

8、网上报名出现学历错误信息的考生还须提供资料：往届生的《教育部学历证书电子注册备案表》，或有效的学历验证书面报告。

（二）资格审查材料提交

1、材料装袋方式：请将所有资料整理并装袋为一份，封面需注明考生姓名及考生编号，内里按上述“二、资格审查”第（1）条“资格审查材料”的顺序排序，如暂缺某一样材料，请在封面注明。

2、提交方式：

通过快递邮寄方式进行提交。仅接收顺丰或EMS，不接收到付形式的快递，不接受现场提交及同城快递。

考生无需邮寄二代居民身份证原件及毕业证、学位证原件。

05学科方向考生请联系EMBA中心进行提交。

以上材料，须在复试前提交，入学复查时核对原件。不符合报考条件者将被取消复试资格。资格审查材料恕不退回。资格审查未通过的考生将取消复试资格。",2021-5-22 17:52
中山大学岭南学院MBA备考经验,https://ishare.ifeng.com/c/s/v002eOVCUFyHZYZV9clkwY8FnG9y69ByTCvVOBj-_izg2cYQ__,"下面是小编整理的上岸人备考经验，希望对报考中山大学岭南学院有帮助：

第一位受访者：

一、找一套适合自己的方法：

1）数学数学是高中数学水平，我把大量的时间放在数学的知识体系复习上了，最终结果也主要靠数学拉分了。有一点技巧很重要的是，我会做很多笔记，整理出了所有不会的知识点进行针对性记忆，知识点不会对应的题型就永远不会；不知道怎么解的题型反复刷也只是浪费时间。

2）逻辑：不同的老师有不同的方法论，我平时最多就是刷题。直到最后两周，组内同学启发我尝试了“列公式”的方法，冲刺阶段提高了逻辑题的效率。

3）英语：会单词就基本会做阅读理解、翻译题，每天大概花1~1.5小时刷单词我认为还是有用的。阅读理解的技巧不是短期内能提升的，所以我放弃了。最后一周，认真的背英语作文模板是英语能过线重要保障。

第二位受访者：

二、加入一个学习氛围好的小组

1）学习是一件很苦的事情，有一群志同道合、同甘共苦的同学陪着学感觉真的非常棒！我加入了一个自发组织的学习小组，同样备考一所院校的官网下面有附带评论的群，里面有考中大的、华工的、暨大的、吉大的；有医疗系统的，有地产的，有IT的，有证券的、国企的……

2）大家经常一起吃饭，有课时群里面会相互提醒、帮忙占座，谁没有来上课会问候一下，每天刷单词打卡，关系非常融洽。最后冲刺阶段大约是两周的时间，大家都尽可能来华章复习，每天一起用餐，相互讲题、分享资料、相互打气，熬过了那段最难熬的时间。考完之后，大家还相互分享复试备考的资料、技巧，也经常一起聚聚。

小组里面一定会有两三个在某个方面已经悟通了的同学，他们会分享很多实用的方法、经验、技巧、感悟。有几位学习得比较好的同学，在最后两周冲刺时间，非常热心的给小组的成员讲题帮助大家上岸，大家也非常感激他们！最后我在的华章学习小组里有些人考上中大、有的考上华工、有部分人考上暨大，也有广西大学的。",2021-5-21 19:39
中山大学岭南学院MBA报考必备,https://ishare.ifeng.com/c/s/v002zQqVykqq80L--IcK5HSVwfTIdy-_2YCJvknRA87Xl1kvM__,"岭南MBA项目始于1998年，致力于培养能够适应经济全球化、具有国际化经营管理能力的商业精英。通过与美国麻省理工斯隆管理学院等国际著名商学院在教学体系、教师资源、交换留学、双学位项目等多方面的合作，吸收欧美先进的工商管理教育理念，并整合中山大学和岭南学院的优质教学资源，岭南MBA已经形成了自身的独特优势和品牌效应。

以下是小编整理的报考必备，希望对大家有帮助：

1、个人特色突出、切忌普通陈述。在材料撰写的过程中，一定要记住最重要的一点。报考学校的考生很多，审阅材料的老师每天要看几十甚至上百份材料，为什么偏偏会选择你？所以这个时候，你一定要第一时间把你的个人特色重点展现给老师，一定不要做普通的简单陈述，要抓住老师的眼球，让他有一步步了解你的欲望。要让老师知道，你跟别人是不一样的，在审阅了很多材料之后，老师要是还能记住你，就获得了50%的胜算。

2、在职场上最成功案例。这个需要举例说明，把你工作这么多年的工作经历简单梳理下，找出自己觉得最闪光的案例。在叙述案例的时候，也不要平白直叙。最好把当时的背景、难点、解决方案、结果等等都说清楚，原因很简单，老师在对于你完全不了解的情况下，只能通过具体案例，来简单判断你的个人能力，而个人能力的强弱，也会直接关系到你是否会被录取！

3、要重点描述你的管理经验。因为MBA的考试是培养优秀的商业精英，所以对你的管理经验，在材料的准备中也一定要重点提出。最好能写出管理中你遇到了什么问题？然后你怎么带领团队去解决的。商学院的老师对于这点是格外看重的，这些是体现你领导力的地方，也是在老师对你不了解的情况下，通过文字能够第一时间记住你的，最好的办法！

第三个阶段：面试过程。材料通过后就面临着面试的问题了，这个时候通常是大家最紧张的时候。上网查往年中山大学MBA面试的问题，大致判断了一下老师们比较偏爱逻辑思维和职业规划的考察。

?基本上提到的是以下这个问题：北京有那么多学校，你为什么要选择中山大学岭南学院深圳在职班？

回答：有两点。第一，我很喜欢深圳，之后的职业规划也是计划在深圳发展。第二，我在报考学校之前，做过一次SOWT分析，把选择范围内的所有院校都研究了一遍，最后发现中山大学岭南学院是最适合我的。而且中大岭南的MBA项目是华南区最好的商学院，在锁定了目标之后，我就一心一意报考岭南，也只选择了中山岭南这一所学校，其他的都不考虑了。",2021-5-21 19:37
中山大学管理学院MBA综合面试,https://ishare.ifeng.com/c/s/v002xQFbVte7usMbFGbHqVwEadMk987IBaJNgBFreCSPpWE__,"中山大学管理学院MBA教育中心经常举办各类讲座，为同学们提供与企业领袖、政界要人、学术权威面对面交流的机会;并以企业考察、企业嘉宾讲座、校企联合课程等形式，拓展校企沟通桥梁，增强学生与企业的互动交流，并为学生创造实习、就业的机会。是一所深刻结合理论与实践的院校。

综合素质面试是提面的最后一部分，也是考官直接了解考生的一个形式，下面是小编整理的相关面试要点，希望对大家有帮助：

综合素质面试（考官提问）

以下是2020年中大管院提面真题分享~

1.如何处理上级、下级与同级之间的关系？

2.中大MBA项目为什么要录取你？

3.怎么控制金融改革的系统性风险？

4.你知道中美贸易战吗？有什么看法？

5. 你所在的行业存在怎样的问题？

6.谈谈我们国家编制合并报表时，权益法成本法的划分，你怎么理解？

7.你未来的目标规划是什么？短期和长期是怎么规划的？

8.你为什么要选择这家企业？

9.学习和经验哪个更重要？

10.对中大的看法？

建议：

1.面试环节中最重要且难当属综合素质面试了。自我介绍环节中要将自己工作中的亮点展现出来，不是将过往经验复述一遍，回答时要注意表达自己的职业价值和求学决心，让考官认为你是值得录取的。

2.一般来说，考官问题的题源基本是围绕个人的经历背景和简历材料而来，也会针对个人简历对部分进行质疑或者疑问，越优秀的学校压力面试比重越大，这也意味着考生材料导向的重要性，也是考核学生临场应变的能力，所以同学们一定要认真梳理提交资料中的工作经历等信息。

3.考官问题或多或少都会涉及管理层面的话题，回答中也要结合自身工作实践，这样可反映出个人的管理背景及潜能。即使问到行业热点也会紧密切合考生所在专业领域，平时要多关注行业的时事热点、金融点评及国家相应政策的变化，回答问题时要结合自身企业或者行业痛点进行深入的分析。

4.很多同学回答问题时会出现缺乏逻辑性，回答时没有分论点，就是讲一整段话却没有讲到重点，中心思想不明确，也可能出现跑题的情况。所以，把话讲清楚很重要！要做到论点层次分明，有理有据，理性的分析，建议大家从论点+论据+论证过程,这种形式回答。",2021-5-21 19:35
中山大学管理学院MBA政治考试,https://ishare.ifeng.com/c/s/v002AI1QG8rUtpsVch-_fOLDcId9gyVFa2nSB-_zlyIfMqIJY__,"中山大学管理学院拥有一批在全国有重要影响的学科带头人，他们大都具有一流学府的博士学位，有着丰富的教学经验，并有为国内外知名企业做顾问或咨询的宝贵经历。他们将国际前沿的管理思想和中国的管理实践相结合，是培育学生成长最宝贵的资源。

政治是MBA必考科目，所以小编为大家整理了相关的信息，包括往年的题型和参考教材资料，希望对大家有帮助:

考试时间为两个小时，满分100分折算成60分计入排名，通过提前面试的考生只需及格即可。

1、2018年试卷构成：单选题15道，每道2分，共30分；简答题5道，每道8分，共40分；论述题2道，每道15分，共30分。

2、2019年试卷构成：单选题20道，每道2分，共40分；多选题5道，每道2分，共10分；问答题5道，每道10分，共50分。

据往年的题目来看，选项还是多变的，所以掌握知识点才是核心。

全国联考成绩大概是在2月中旬公布，国家线大概是在3月中旬公布。通过提面的考生在考完联考就可以复习了，或者在过完年复习也是可以的。

中大管院MBA的政治考试是自主命题，所以可以不用去看所谓真题。考试大纲每年都会在管院官网公布，基本上考察的都是时事热点和大学四本政治课本――《马克思主义基本原理概论》、《毛泽东思想和中国特色社会主义理论体系概论》、《中国近现代史纲要》、《思想道德修养与法律基础》，可以找出之前的课本，也可以参考推荐书籍：《全国硕士研究生招生考试思想政治理论考试大纲》高等教育出版社。

踏入社会再回过头来认真读这几本书，发现对认识生活对认识社会还是能起到反省的作用。挤时间把四本书读成一本，再把一本书读成一页纸，那么就复习得差不多了。

教材上讲的是通理，脱离现实只读阅文字时看到先人总结出的至理名言总是虚的，可步入社会后见到的形形色色的人，再回头看原来的我们泛泛而读的名言，才是字字珠玑，大道至简。",2021-5-21 19:33
中山大学管理学院MBA,https://ishare.ifeng.com/c/s/v002HihaUp3DyC1nTNGGDgmzdb--eC--PEvsfIhdTH8jGmzcs__,"中山大学管理学院成立于1985年，工商管理学科2017年进入“双一流”教育部推荐名单，在第四轮全国学科评估中获得排名并列第一（A+）。是华南地区第一所获得国际三大认证，在2017年获得了EQUIS满额五年认证，2018年获得美国AACSB商学院满额五年认证。

中山大学是广东省地区热门学校，小编今天就给大家整理了一些关于中山大学MBA的相关信息，希望对你们有帮助：

项目介绍：

中山大学管理学院MBA项目推崇实践导向，强调社会责任，经过十余年发展，已成为华南地区首屈一指的知名商学院、中国最具影响力的MBA品牌之一。

管理学院在教学和软实力培养方面积极与国际接轨，是华南首家、中国第二家获得AMBA、EQUIS、AACSB全部三大国际认证的商学院，跻身于国际主流商学院行列。

管理学院共有三个MBA项目：

在职（中文班）：授课时间一般为周六和周日

在职（国际班）：授课方式为每个月授课一次，一次集中四天，通常为周四至周日，或者连续两个周末上课

全日制MBA：授课时间一般为周一至周五

初试：

初试科目为199-管理类联考综合能力、204-英语二，满分分别为200分、100分。全国统考和全国联考科目的命题工作由教育部考试中心统一组织；统考科目考试大纲由教育部考试中心统一编制，联考科目考试大纲由教育部考试中心或教育部指定相关机构组织编制。

复试：

施行“提前批”和“正常批”招生，根据考生的初试成绩、复试成绩，并结合考生申请材料真实性复查、政审以及体检结果，择优录取。提前面试成绩仅招生当年有效。

1.提前批

提面优秀者：过国家A线+政治合格=拟录取

提面良好者：过国家A线+复试政治＋总分排序=拟录取

无通过提面：过学校线+复试面试+复试政治+总分排序=拟录取

2.正常批

未参加“提前面试”、或“提前面试”评定为“不通过”的考生，若初试成绩达到学院复试分数线要求，其复试形式为“公开招考”。

（一）中华人民共和国公民。(外籍人士按照我校接收外国留学生的申请程序办理。)

（二）拥护中国共产党的领导，遵守中华人民共和国宪法和法律，品德良好。

（三）身体健康状况符合国家和我校规定的体检要求。

（四）考生学业水平及工作经验要求：

1.大学本科毕业后有3年以上工作经验的人员（EMBA报考者一般要有8年以上工作经验）(工作年限计算截至2021年入学之日，下同)；

2.已获硕士、博士学位，并有2年以上工作经验的人员；

3.EMBA报考者所在的工作单位不属于政府部门、事业单位，国有企业的国有股份占比不高于或等于50%。

（五）在校研究生报考须在报名前征得目前就读学校同意。我校不允许研究生同时拥有两个及以上学籍。

（六）持境外获得的学历学位证书报考者，须通过教育部留学服务中心认证，资格审查时须提交认证报告。

（七）我校学习方式为“非全日制“的招生专业方向只接受报考类别为“定向就业”的考生报考。",2021-5-21 19:32
中山大学管理学院MBA提前面试,https://ishare.ifeng.com/c/s/v002emNV3--Ok59byAC3ZbdSidb0VxFkLKt2vfBM--ODlq5YI__,"中山大学管理学院成立于1985年，是国内最早成立的专门从事工商管理教育和研究的学院之一。也是华南首家、中国第二家获得AMBA、EQUIS、AACSB三大国际认证的商学院。中山大学管理学院经过二十余年发展，已建设成为国内领先、国际知名的MBA品牌。立足华南，辐射粤港澳大湾区，面向全球，致力打造国际化精品商学院。

提前面试是MBA考核中的重要一环，小编今天就给大家整理了相关的信息，希望对你们有帮助：

报考程序：（留意时间）

1、提前面试申请（2021年5月）

2、参加提前面试（2021年6月-10月）

3、网上报名（2021年10月10日-31日）

4、现场确认（2021年11月中上旬）

5、笔试（2021年12月）

6、复试（2021年3月/4月）

7、体检（2021年3月/4月）

8、交学费（2021年8月）

9、新班开学（2021年9月）

报考要求：

1、国民教育系列大学本科毕业后有3年以上工作经验的人员

2、已获研究生或以上学历，并有2年以上工作经验的人员

3、考生持境外获得的学历证书报考，须通过教育部留学服务中心认证，资格审查时须提交认证报告。

提前面试申请：

1、在线申请登录中山大学管理学院MBA申请或拨打申请热线。

2、预审评估中山大学管理学院MBA教育中心在审阅报名材料并复核学历和学位证书后，分批向符合MBA报名资格的申请者发出提前面试通知。

3、预审面试考生按照面试通知参加MBA项目自主面试。

4、预审录取MBA教育中心将在面试后的5个工作日内将面试结果告知申请者，面试通过的申请者将进入笔试阶段。

面试名单查询：

1、请申请人在所申请批次的名单公布日之后，登录网站查阅面试名单及面试安排。

2、所有获得面试资格的申请人都将默认为接受面试邀请，如因故无法出席，须于规定时间内向MBA教育中心提出申请。

3、如获得面试资格的申请人面试当天无故缺席，将视作自动放弃申请，当年的申请将不再被受理。",2021-5-20 19:26
中山大学管理学院MBA复试,https://ishare.ifeng.com/c/s/v002WvR2REGH6gfavpjeZkUjp7U--hk9HQzy41HAiq6Fou7c__,"中山大学管理学院MBA项目始于1996年，致力于培养具有国际视野、全球竞争力、理论与实务并重、善于解决实际问题、具备创新与创业精神的商界精英，迄今已向社会输出逾5000名管理人才。2016年起，连续四年入选《经济学人》全球百强。

小编整理了中大管理学院MBA复试的相关信息，希望对你们有帮助：

复试材料：

1.身份证原件正反面。

2.初试准考证。

3.学籍学历证明（往届考生须提交《教育部学历证书电子注册备案表》，应届生须提交《教育部学籍在线验证报告》

4.本科阶段学习成绩单原件或复印件（原件应加盖学校教务管理部门公章，复印件须有“原件复印”并加盖原件存档单位公章）。

5.应届生提供学生证有效信息页复印件。

6.往届毕业生提供毕业证书、学位证书复印件（毕业证书丢失的提供“中国高等教育学生信息网”的《教育部学历证书电子注册备案表》或《中国高等教育学历认证报告》）。

7.凡于境外获得的文凭须提交教育部留学服务中心出具的认证报告。

8.在读研究生需提供培养单位出具的同意报考证明和提交入学前完成原学校退学手续的承诺书。

9.退役大学生士兵专项计划”的考生还应提交本人《入伍批准书》和《退出现役证》。

注意事项：

（1）考生须凭管理学院专业学位在线报名申请系统报名后生成的二维码和所有资格审查材料进行资格审核及签到。

（2）请考生于复试当天现场提交以上资格审查材料。所有材料请用一个大信封（32.4 x 22.9cm）装好，并提前将上述《准考证》张贴在大信封封面。复试当天还须携带身份证、毕业证、学位证（如有）、退出现役证等原件现场核查。

（3）请各位考生统一从滨江东路中大北门刷个人二代身份证进入校园，同时请佩戴口罩，配合校园管理人员检查体温、粤康码/穗康码/行程码。

复试内容：

1．专业能力及综合素质考核

（1）考试地点：中山大学（南校园）管理学院教室，具体将在面试当天公布

（2）考核时间：每位考生约15分钟

2.专业课与外语应用能力笔试

（1）考试地点：中山大学（南校园）管理学院教室，具体将在面试当天公布

（2）考试形式：笔试（闭卷）",2021-5-20 19:24
中山大学管理学院MBA报考须知,https://ishare.ifeng.com/c/s/v002QpgCHiu6-_8FCy4xIqM-_9wscJnFnOWDAqY2hMHJe8q1Y__,"中山大学管理学院是国内领先、国际著名的商学院，成立于1985年，是国内最早成立的专门从事工商管理教育和研究的学院之一，在国内外享有较高声誉和影响力，被誉为“商界黄埔军校”

小编整理了一些报考须知，希望对你们有帮助：

1、中山大学管院MBA面试通过啦（一般会在面试结束后第7个工作日公布成绩）。

（1）通过：凡第一志愿报考中山大学，初试成绩达到国家A类分数线要求，且复试阶段完成除专业能力考核（面试）外的复试内容，即可优先获得当年工商管理硕士预录取资格。

（2）有条件通过：凡第一志愿报考中山大学，初试成绩达到国家A类分数线要求，复试阶段完成除专业能力考核（面试）外的复试内容，按初试成绩及复试成绩（含提前面试成绩、思想政治理论考试成绩）总和从高至低排序，根据中山大学管院各方向提前面试剩余招生计划数依序优先录取。

2、中山大学管院MBA 笔试报名，国家教育部统一组织的管理类联考，中山大学管院官网会出统一的报考指引。

考试科目：

①管理类联考综合能力（满分值200分）；

②英语（满分值100分）

考试时间：以教育部当年公布的具体时间为准。

考试地点：以中国研究生招生网上公布的对应报考单位的考试地点为准，去年MBA考试在中山大学南校区。请同学们密切关注研究生招生网信息，尽早定好酒店（中大学人馆一般要很早预定）

3、中山大学MBA笔试现场确认

现场确认其实是确认考位，请同学们务必要进行确认（具体指引如下），不然当年报考无效。

4、中山大学管院MBA笔试考试

（1）管理类联考：

卷面结构：数学、逻辑推理、写作（论证有效性分析、论说文），共三大部分。满分为200分。分值分布：①数学75分+②逻辑推理60分+③写作65分。

（2）英语二：

卷面结构：完形填空、阅读理解第一部分四篇、阅读理解第二部分一篇、翻译（英译汉）、小作文、大作文，共六个部分。满分为100分。分值分布：完形填空10分、阅读理解（Part A）40分、阅读理解（Part B）10分、翻译（英译汉）15分、小作文10分、大作文15分。

温馨提示：笔试的准考证一定要下载PDF存档备份，复试资料审核要用。

5、中山大学管院MBA笔试成绩公布（次年2月10日--2月28日之前）今年是2月26日出成绩，考生可以登录研究生招生信息网上查询笔试成绩（中山大学管院官网亦可查询），短信也会有成绩发送。

6、中山大学管院MBA录取（次年4月中旬）

学校会公布拟录取名单，并建立拟录取QQ群，然后进行政治背景调查，并安排体检时间，最后建立班级群。

历年分数线：

2020年：正常批：总分210分，综合120分，英语50分；提前批：总分175，综合88分，英语44分

2019年：正常批：总分210分，综合120分，英语50分；提前批:总分170分，综合84分，英语42分

2018年：总分205分，综合120分，英语60分",2021-5-20 19:23
中山大学管理学院MBA报考细则,https://ishare.ifeng.com/c/s/v002MOJwqll6uBhem--CTam-_lBCqZOWJqnrGtwpexJJhzOu0__,"2016-2019年，中山大学管理学院MBA项目连续四年进入《经济学人》(The Economist)全球最佳MBA项目百强榜，位列亚洲区第三，为内地唯一入选商学院。

小编整理了中山大学管理学院MBA项目报考细则，希望对你们有帮助：

一、报考条件：

（一）中华人民共和国公民。(外籍人士按照我校接收外国留学生的申请程序办理)

（二）拥护中国共产党的领导，遵守中华人民共和国宪法和法律，品德良好。

（三）身体健康状况符合国家和我校规定的体检要求。

（四）考生学业水平及工作经验要求：

1.大学本科毕业后有3年以上工作经验的人员（EMBA报考者一般要有8年以上工作经验）(工作年限计算截至2021年入学之日，下同)；

2.已获硕士、博士学位，并有2年以上工作经验的人员；

3.EMBA报考者所在的工作单位不属于政府部门、事业单位，国有企业的国有股份占比不高于或等于50%。

（五）在校研究生报考须在报名前征得目前就读学校同意。我校不允许研究生同时拥有两个及以上学籍。

（六）持境外获得的学历学位证书报考者，须通过教育部留学服务中心认证，资格审查时须提交认证报告。

（七）我校学习方式为“非全日制“的招生专业方向只接受报考类别为“定向就业”的考生报考。工商管理硕士专业学位研究生相关考试招生政策同时按照《教育部关于进一步规范工商管理硕士专业学位研究生教育的意见》（教研〔2016〕2号）有关规定执行。考生须承诺学历、学位证书和考试身份的真实性，一经查证为不属实，将取消准考、录取或入学资格，已入校的取消学籍。

二、报名

1. 报名包括网上报名和网上确认（现场确认）两个阶段。所有参加硕士研究生招生考试的考生均须进行网上报名，并在网上或到报考点现场确认网报信息、缴费和采集本人图像等相关电子信息。

2. 考生登录“中国研招网”浏览报考须知，并按教育部、省级教育招生考试机构、报考点以及报考招生单位的网上公告要求报名，并在规定时间内在网上或到报考点指定地点现场核对并确认其网上报名信息、缴费并采集本人图像等相关电子信息，逾期不再补办。

3. 中山大学报名点采取网上确认信息、缴费、采集图像的方式，具体要求和具体时间，将另行在中山大学研招网发布中山大学报考点网上确认信息相关公告。其他报考点的考生确认报名信息的方式，请查阅相关报考点的信息公告。

4. 考生报名时须签署《考生诚信考试承诺书》并遵守相关约定及要求。

三、报名期间

1、考生可自行修改网报信息或重新填报报名信息，但一位考生只能保留一条有效报名信息。逾期不再补报，也不得修改报名信息。考生报名时只填报一个招生单位的一个专业。

2、待考试结束，教育部公布考生进入复试的初试成绩基本要求后，考生可通过“研招网”调剂服务系统了解招生单位的调剂办法、计划余额等信息，并按相关规定填报调剂志愿。

3、考生要准确填写本人所受奖惩情况，特别是要如实填写在参加普通和成人高等学校招生考试、全国硕士研究生招生考试、高等教育自学考试等国家教育考试过程中因违纪、作弊所受处罚情况。对弄虚作假者，将按照《国家教育考试违规处理办法》《普通高等学校招生违规行为处理暂行办法》严肃处理。

4、考生应选择工作或户口所在地省级教育招生考试机构指定的报考点办理网上报名和现场确认手续。

5、报名期间将对考生学历（学籍）信息进行网上校验，考生可上网查看学历（学籍）校验结果，也可在报名前或报名期间自行登录“中国高等教育学生信息网“查询本人学历（学籍）信息。未能通过学历（学籍）网上校验的考生应在招生单位规定时间内完成学历（学籍）核验。",2021-5-20 19:21
中山大学管理学院MBA报考,https://ishare.ifeng.com/c/s/v002k--nwqWbtztg-_1egeltsVlEAbklzpOkfDlMp6Gj63Uhc__,"中山大学管理学院MBA项目推崇实践导向，强调社会责任，经过十余年发展，已成为华南地区首屈一指的知名商学院、中国最具影响力的MBA品牌之一。

管理学院在教学和软实力培养方面积极与国际接轨，是华南首家、中国第二家获得AMBA、EQUIS、AACSB全部三大国际认证的商学院，跻身于国际主流商学院行列。

下面是小编整理的MBA报考的相关流程，关于学制、初试、复试的简单基本介绍，但是具体的院校选择还是要考生们自己多去了解该学校的一个背景知识，再去判断该院校是否适合你：

管理学院共有三个MBA项目：

在职（中文班）：授课时间一般为周六和周日

在职（国际班）：授课方式为每个月授课一次，一次集中四天，通常为周四至周日，或者连续两个周末上课

全日制MBA：授课时间一般为周一至周五

初试：

初试科目为199-管理类联考综合能力、204-英语二，满分分别为200分、100分。全国统考和全国联考科目的命题工作由教育部考试中心统一组织；统考科目考试大纲由教育部考试中心统一编制，联考科目考试大纲由教育部考试中心或教育部指定相关机构组织编制。

初试地点：考生须根据教育部、各省级招办、报名点的规定选择报名点，初试考场由考生网报时选定的报名点安排。

复试：

施行“提前批”和“正常批”招生，根据考生的初试成绩、复试成绩，并结合考生申请材料真实性复查、政审以及体检结果，择优录取。提前面试成绩仅招生当年有效。

1.提前批

提面优秀者：过国家A线+政治合格=拟录取

提面良好者：过国家A线+复试政治＋总分排序=拟录取

无通过提面：过学校线+复试面试+复试政治+总分排序=拟录取

2022年提前面试信息尚未公布，以下为2021提前面试的相关信息，供同学们参考：

2.正常批

未参加“提前面试”、或“提前面试”评定为“不通过”的考生，若初试成绩达到学院复试分数线要求，其复试形式为“公开招考”。",2021-5-19 17:05
中山大学MBA个面PPT准备,https://ishare.ifeng.com/c/s/v002OECyVeaRVdl2VGfXUiLXbbldlbT9tCturf3ibkIBSEw__,"中大因为今年疫情，面试形式有所改动：

往年中大管院MBA和IMBA提前面试采用线下面试形式，今年因为疫情原因发生变化：将根据疫情防控形势和上级部门的要求进行动态调整，采取线上视频面试或线下面试。具体形式安排将以各批次面试的通知为准，考生们可关注学校官方动态消息。另外，中大管院今年还取消了组面，在个面中增加了个人PPT的展示环节。

小编整理了一些关于PPT展示的技巧，希望对大家有帮助：

1、根据官网出的要求，我们知道PPT里要求描述教育背景、工作经历、工作职责、报考理由、职业规划等内容，除此之外还可以根据自己的想法添加一些熟悉及亮眼的元素进去，进而丰富个人展示环节。因为老师100%会根据PPT里面的内容进行延展提问，所以这实际上也是考生一个“主动出击”的机会，一份精致又严谨的PPT内容，能让老师更加直观的了解你。

2、PPT结构的完整性也是考核的重中之重，PPT实际和文章一样，不仅需要板式的精美，还需要每页P之间的衔接有逻辑，有关联。

注重开头，也别忽视结尾。一份完整的PPT要看起来有头有尾，不要让考官出现“断层”感，刚开始就莫名其妙的被结束了开头也要做好考生的个人陈诉，不要哗啦啦的讲了10分钟，老师连你的名字都不知道

做之前配合思维导图。在做P之前可以先用思维导图把自己想讲的内容作个大致排版，并且在每页P写上目录，后期可以根据目录页进行检查，避免有遗漏。

每段内容间有过渡页。在每一个章节后加一个过渡页，可以让考官有个缓冲的过程，例如在教育背景和工作职责之间， 可以加上一页标题或是总结语，来缓解考官的视觉疲劳。

3、选择成套模板，加上个人元素不是每个考生都有自己设计模板的能力，为了省事省力，建议大家直接下载或是购买PPT模板，但为了避免“撞P”，也建议大家在PPT上添加一些个人的元素，让这个模板看起来：它专属于你。

字数和图片要使用得当

控制字数，不要一页P都是密密麻麻的文字；巧用图片，附上亮眼的照片可以让人耳目一新。

颜色、字体的搭配

一般来说，下载的PPT模板已经帮你配好了色调和字体，大家可直接使用，不用多做改动。但如有需要改动的地方，华章君建议大家整个PPT最多使用3种颜色即可，但是字体必须要统一，才能增加PPT的美观度。",2021-4-22 19:33
中山大学管理学院MBA简介,https://ishare.ifeng.com/c/s/v002DbRDSmYtAtAWEJ4TEsSRl1w2rriM4UeoPcAxHcUMk--4__,"MBA（工商管理硕士），诞生于美国，是一个专门为生意人设计的研究生学位，它设计为使你准备好去应付日益激烈的商界，在20世纪早期MBA由美国大学创立，在最近的几十年里，它在全世界范围内已经成为一个享有很高声望的资历。现在有超过1250个MBA学校，而且在内容和形式上有相当大的不同。

中山大学由孙中山先生创办，有着一百多年办学传统，作为中国教育部直属985和双一流建设高校，现已经成为一所国内一流、国际知名的现代综合性大学。管理学院是国内领先、国际著名的商学院，成立于1985年，是国内最早成立的专门从事工商管理教育和研究的学院之一，在国内外享有较高声誉和影响力，被誉为“商界黄埔军校”，2018年荣获得国家教学成果二等奖，2019年荣获“全国教育系统先进集体”称号，2020年经济与商学学科进入全球ESI前1%。

拥有工商管理和管理科学与工程两个一级学科。其中，工商管理为一级学科国家重点学科及广东省重点学科，教育部“双一流”建设学科，在教育部第四轮学科评估中获评A+，2019 - 2020 年在“软科中国最好学科排行”中位列全国第一。管理科学与工程为广东省重点学科。

2010-2013年，中山大学管理学院先后通过了AMBA、EQUIS、AACSB三大国际认证，是华南第一家、国内第二家获得全部三大国际认证的商学院，成功跻身国际一流商学院行列。2016-2019年，我院MBA项目连续四年进入《经济学人》(The Economist)全球最佳MBA项目百强榜，位列亚洲区第三，为内地唯一入选商学院。

中山大学管理学院工商管理硕士教育谨循“博学、审问、慎思、明辨、笃行”的校训，基于“融汇中西管理智慧、培养创业创新精神、践行服务社会责任、作育商界管理精英”的使命，凭借一流的国内外师资、不断更新的课程设置、严谨的教学管理，致力于培养具有宽阔国际视野、高尚道德文化修为、卓越能力素质的管理者。",2021-4-21 20:32
中山大学南校区挖掘出古墓,https://ishare.ifeng.com/c/s/v002sLYFuJ7I5RwTte3KIhfSJQS5Dqm5fsVrVBO94NmPBsk__,,
中山大学：停止张鹏任教资格,https://ishare.ifeng.com/c/s/v002QsBCZ-_izOeZ10l9edKO7LRkrekOL6njQmxbN-_1c13bc__,,
中山大学,https://ishare.ifeng.com/c/s/v002fd-_sdqVmHVGzKaghdsGLb-_6VWI7XTDxUQIj89qlYorI__,,
