aweme_id,trending_probability,trend_predict_by_content,title
7250440240895216954,0.4797307872906558,no,#中山大学 梦中情校又多了一个！#大学 #报考 #志愿
7305621357927173376,0.4797307872906558,no,世界一流名校 中山大学到底有多牛？一起走进中山大学去了解吧！#大学 #广东 #名校 #中山大学 #知识分享
7250813765694852367,0.5387551379917792,yes,沉浸式探校-中山大学深圳校区，打卡网红图书馆、中山堂，校园耗资500亿、占地4700亩#中山大学 #中山大学深圳 #大学 #大学校园 #深圳 @DOU+小助手 @抖音小助手
7261958280082148647,0.5387551379917792,yes,沉浸式体验☺️中大录取通知书开箱#录取通知书 #中山大学 #沉浸式
7290130578412866857,0.5387551379917792,yes,"带你了解百年学府，世界级高等院校，中山大学。#中山大学 #旅行推荐官 #旅行vlog "
7029742912028101895,0.4797307872906558,no,"中山大学97岁了！“下一站，大学城北”，是多少人的青春啊！
#中山大学 #航拍 #中大 #摄影 #大学城北"
7347195776096800036,0.4797307872906558,no,中山大学南校区的午餐时光，好年轻好快乐！#校园生活 #日常vlog #中山大学 #大学食堂 #钢琴
7358852981694958848,0.4797307872906558,no,小米副董事长林斌夫妇向中山大学捐赠1亿元，用于文体中心和奖学金等项目。林斌：希望更多校友能够支持母校建设
7298313806042696995,0.4797307872906558,no,中山大学学霸妹子 基因好#街头采访 #中山大学 #清纯一笑倾红颜 #学霸基因
7347188630424784137,0.5387551379917792,yes,#中山大学 谁家大学在食堂能听到霉霉的exile合唱啊呜呜呜呜
7343168008203832611,0.5387551379917792,yes,去南校测中送样随拍的，之前还没入学的时候，去食堂吃饭，我就觉得怎么都长得这么好看还学习这么好😂#读博的日子 #生活碎片记录 #研究生日常
7358821928712310035,0.5387551379917792,yes,中山大学校友林斌、刘向东伉俪向母校捐赠1亿元！#广东dou知道 #广州  #中山大学 #中大
7301877354941435148,0.519445281881218,yes,中山大学贫困生被曝炫富，花1500看演唱会，用苹果四件套，校方：终止发放助学金
7261421294279773479,0.5387551379917792,yes,广东本土最强大学！中山大学#中山大学 #校园 #青春 #航拍
7359041412085697843,0.5387551379917792,yes,小米联合创始人、中山大学校友林斌、刘向东伉俪向母校捐赠1亿元。#林斌刘向东向中山大学捐赠1亿元
7352508152321002802,0.4797307872906558,no,"挑战拍中山大学美女第一期‼️ 
#甜妹 #座机画质  #摄影写真 #氛围感 #春日限定氛围感随拍bgm"
7313143456866536744,0.4797307872906558,no,200万人看过的我在中山大学翻跳冬日完整版来啦!#冬日 #鞠婧祎 #女大学生 #校园舞蹈 #舞蹈
7358071134421519670,0.4797307872906558,no,给中山大学一点小小的翘臀震撼#kpop #kissoflife #直拍 #这谁顶得住啊 #辣妹
7347728730430672143,0.4797307872906558,no,上热搜了！当你在中大食堂放一架钢琴……#广东dou知道 #中山大学 #校园生活
7353601062240128271,0.519445281881218,yes,两岸学子中山大学联欢，台湾学生深情合唱《那些年》，男生被喊“大笨蛋”！#台海时刻
7358791609590320420,0.5387551379917792,yes,小米集团副董事长林斌及夫人刘向东，向中山大学捐款1亿元#小米林斌及夫人刘向东向中山大学捐款1亿
7323097133479890212,0.5387551379917792,yes,#中山大学 ， 为什么是“巨无霸大学”？#985院校
7357268954999508260,0.4797307872906558,no,我大广东，中山大学破格录取条件，冲#知识改变命运 #数学 #高考 #中山大学 #新高考
7326852429310414119,0.4797307872906558,no,这件事不能就这么算了！ #热点 #中山大学 #大学生 #科研
7353592708239330560,0.519445281881218,yes,马英九带台湾学生来中山大学，互相认识、交换微信，两岸学子玩起了“破冰游戏”。#台海时刻
7357239722210577703,0.4797307872906558,no,数学140+，可破格被中山大学录取，白云山高，珠江水长。吾校矗立，蔚为国光，粤港澳大湾区中山大学三城市深圳、广州、珠海五校区，向全国广大高考学子致以诚挚的问候和衷心的祝福。#中山大学
7358331712448875795,0.4797307872906558,no,中山大学，一志愿前三名复试都被刷了，选顶尖985，要慎重，(初试高分+奖学金+期刊论文+复试专业能力+英语水平+综合能力#改变命运 #调剂专业 #
6865689251992947981,0.519445281881218,yes,中山大学开学记！大半年没有回过的宿舍...
7223010596306881832,0.4797307872906558,no,如果你不爱看，就把你的好姐妹@出来吧～#中山大学 #校园帅哥 #校园
7262941940495158582,0.5387551379917792,yes,恭喜侄女考上广州中山大学
7301727499107503386,0.5387551379917792,yes,中山大学特困生被曝用苹果四件套，还花1500多元看王嘉尔演唱会，学校通报：终止发放助学金
7281579773820767548,0.519445281881218,yes,#中山大学  开学典礼卷起来了，一首《#不再犹豫  》点燃全场！
7358303579263814950,0.5387551379917792,yes,广东人眼中的小清北 #大学 #校园 #中山大学 #志愿填报
7358667045858266409,0.5387551379917792,yes,中山大学医学博士集体患癌，导师师承七三一部队，学校刻意隐真相
7326852429310414119,0.4797307872906558,no,这件事不能就这么算了！ #热点 #中山大学 #大学生 #科研
7313143456866536744,0.4797307872906558,no,200万人看过的我在中山大学翻跳冬日完整版来啦!#冬日 #鞠婧祎 #女大学生 #校园舞蹈 #舞蹈
7358862048727485711,0.4797307872906558,no,父母沉重的爱，让我忘记想成为怎样的人#电影年少日记  #原生家庭 #父母
7332443739748666658,0.5387551379917792,yes,谢谢大家的点赞和抖+，但不要忘记已经要被掩埋的中山学生#中山大学癌症事件 #情感
7358628655137918245,0.4797307872906558,no,百年名校系列之中山大学#dou上热门 #高考志愿填报 #大学 #2024高考 #升学规划 @抖音原创保护中心 @DOU+小助手
7358407391106436379,0.4797307872906558,no,95后小哥祝福大家考到理想的学校🏫#记录真实生活 #工作日常记录 #拍摄现场 #日常vlog #高考
7355255240494566706,0.4797307872906558,no,中国大学地铁站播报#航拍 #大学#地铁#轨道交通#带你走进心仪的大学
7358331712448875795,0.4797307872906558,no,中山大学，一志愿前三名复试都被刷了，选顶尖985，要慎重，(初试高分+奖学金+期刊论文+复试专业能力+英语水平+综合能力#改变命运 #调剂专业 #
7358025974501362944,0.4797307872906558,no,出席中山大学的活动，真的是一次超赞的体验！🏫 今天有幸踏进了中山大学这片知识的殿堂📚 珍惜这次难得的经历，继续努力前行！#物通集团 #中山大学 #活动现场 #学术氛围 #成长之路
7223010596306881832,0.4797307872906558,no,如果你不爱看，就把你的好姐妹@出来吧～#中山大学 #校园帅哥 #校园
7332421299089820937,0.4797307872906558,no,"大快人心！学术不端的教授被严厉处罚，网友：中山大学该汗流浃背了#热点 #黄飞若 #山竹醇 #学术造假 "
7323097133479890212,0.5387551379917792,yes,#中山大学 ， 为什么是“巨无霸大学”？#985院校
7358830696741244194,0.4797307872906558,no,林斌校友向中山大学捐赠1亿为什么比雷军捐赠13亿更难能可贵？ #中山大学 #林斌
7329435325007252799,0.5387551379917792,yes,"中山大六位博士集体患癌，导师连夜移除群聊，身份疑似师承731？ #中山大学 #苏士成 "
7328317482173844747,0.4797307872906558,no,"6名博士成实验耗材？胰腺癌晚期插管开会，导师留日期间身份特殊#中山大学 #集体患癌 #731部队 #石井四郎 "
7116740625692724512,0.4797307872906558,no,#一起学习一起进步 现在中山大学基本前十吧
7358668940211490088,0.4797307872906558,no,女孩教室晕倒，学生和老师与死神赛跑。#大学生 #白衣天使#正能量 #社会百态 #传递正能量让世界充满爱
7273805074185342223,0.4797307872906558,no,#原创  不愧是“广东人眼里的清华北大”！中山大学新生开学报到现场，感受朝气蓬勃的学霸风采~#中山大学新生开学 #学霸 @中山大学 @中国青年报 @华南理工大学 @暨南大学 @华南师范大学
7204374048728501562,0.5387551379917792,yes,"#中山大学
中大不能进，但是可以这样进，你懂！装一天名校学生"
7330840417509952803,0.4797307872906558,no,凤凰网勇敢为学生们发声#医学 #感情观 #情感 #中山大学 #学生集体患癌
7353612775761005824,0.5387551379917792,yes,台湾青年与中山大学学生合唱《外婆的澎湖湾》《月亮代表我的心》，马英九鼓掌跟唱
7279627732269534500,0.5387551379917792,yes,"中山大学2023开学典礼节目#中山大学
#粤语歌#beyond"
7329469451517103395,0.5387551379917792,yes,所以互联网不能没有记忆！！！#大学生#中山大学癌症事件#昆明动物园小猫已运抵北京#互联网
7312106583201287424,0.519445281881218,yes,中山大学 这所大学是某人赠与如今的我们的礼物，在过去，他为了祖国呕心沥血，奋斗终生，现如今，以他的名字命名的学校依然在为了祖国而发光发热#中山大学 #孙中山 #名校 #广东三叔 #李会长
7264765411810463032,0.5387551379917792,yes,中山大学辉煌不再 #2023高考季 #志愿填报 #2023西瓜play嘉年华
7350163247598701863,0.4797307872906558,no,中山大学临床医学初试前三全部被刷，985复试比初试重要！#考研择校择专业 #25考研 #考研 #考研择校 #考研什么专业最吃香
7348047244471405874,0.4797307872906558,no,胃肠镜检查把肠道弄破，肚子被缝四五十针 @中山大学附属第一医院南沙院区 6个月还没调查结果？#广东dou知道
7328276529203531060,0.5387551379917792,yes,今日我等若冷眼旁观，他日祸临己身，则无人为我摇旗呐喊。 #中山二院#中山大学 #胰腺癌
7331242689851149578,0.5387551379917792,yes,广东省第一学府，中山大学。 #中山大学
7312743596044602675,0.5387551379917792,yes,中山大学—华南第一学府 #中山大学 #大学 #知识分享
7277900323576892726,0.4797307872906558,no,中山大学录取分数线带货，这么多年一直这个分数#中山大学 #李佳琦 #如何看待李佳琦带货争议言论 #民生关注
7329928892624538899,0.4797307872906558,no,事情是三位不满三十岁的医学博士跟着自己的老师做研究然后全部患癌了，随后他们老师就把他们踢出群聊了（别让资本太嚣张，别看不起我们这一代大学生）我刚收工给我看来气了#中山大学苏士成 #医学博士患癌 #当代大学生精神状态 #有趣的灵魂
7260383740877114676,0.4797307872906558,no,#录取 #高考志愿 真的服了#中山大学
7328702580840746250,0.4797307872906558,no,华南理工/中山大学 华南两大学府 #华南理工大学 #中山大学 #升学 #涨知识
7332320041876147491,0.4797307872906558,no,阿苏我心里有个疑问请你看了以后告诉我究竟#互联网嘴替 #万万没想到 #迷惑行为大赏 #中山大学 #甄嬛传
7271597177439358247,0.5387551379917792,yes,中国留学vlog！！ #韩国人 #中山大学
7298646912566086922,0.5387551379917792,yes,#中山大学 #周末去哪玩 #vlog日常
7356449301507116340,0.4797307872906558,no,#广西民大文学院院长叶君校内被撞身亡 ，年仅53岁，一年前曾到中山大学交流。据红星新闻，知情人称肇事车辆为学校校车 #叶君  #广西民族大学
7358987049866726656,0.519445281881218,yes,广东省大学排名之前十名和分数线，深圳大学成黑马 #广东省大学 #广东大学 #广东大学排名 #深圳大学 #中山大学
7281271745766608186,0.5387551379917792,yes,大学开学典礼瞬间成演唱会#中山大学开学典礼 #校园神级翻唱
7353859774015884581,0.519445281881218,yes,"高考志愿母亲以死相逼儿子改哈工大为中山大学，母子生疏酿悲剧。#母亲以死相逼儿子高考改志愿酿悲剧 #高考 #志愿填报那些事 #职业生涯规划 #家长必读 #高考报考 #家长教育 #家长 #投胎是门技术活 #亲情绑架 "
7358985349579754752,0.4797307872906558,no,"浙江大学、华南理工大学、中山大学等985名校本地生源占比真是高。
相反，北京的倒是很低！"
7350576199510396223,0.4797307872906558,no,玩乐队的人，谁才是学霸天花板 #乐队 #金属乐 #陈涌海 #葬尸湖
7357338822817893683,0.4797307872906558,no,高中英语，如何高效背3500？#高中 #家长必读 #高考 #学习方法 #英语
7358770919084494107,0.519445281881218,yes,"数学单科定胜负！国防七子宣布...... 数学单科成绩145以上可破格入围
西北工业大学、北京理工大学、国防科技大学、山东大学、中山大学、中南大学、吉林大学、大连理工大学......
#数学 #强基计划 #国防七子 #985院校"
7324201040906128659,0.5387551379917792,yes,中山大学和华南理工怎么选？#大学 #升学 #涨知识
7301930174113746188,0.519445281881218,yes,终止发放助学金！#中山大学通报贫困生炫富事件 #新闻姐 @抖音小助手
7359075392084266281,0.4797307872906558,no,#贵州小区烟花失火事件 #日本排放核污水 #中山大学患癌事件 #邯郸初中生杀人案 #高校女生患心脏病疑带病出操后死亡
6992886999958949133,0.4797307872906558,no,名医讲堂 | 孩子出现驼背高低肩？要警惕脊柱侧弯这个“杀手”
7107161971274845453,0.519445281881218,yes,中山大学，您错了！
7345000140282842404,0.4797307872906558,no,高松代表：中山大学将积极融入粤港澳大湾区建设
7274178641225862419,0.519445281881218,yes,中山大学宿舍两个厕所？尊嘟假嘟#我为我的学校打call #学校宿舍 #中山大学
7349778794263088411,0.4797307872906558,no,3月24日，据人民日报消息，15岁考上中科大少年班，24岁博士毕业，26岁成为中山大学副教授，如今28岁的陈逸伦正带着多名与自己同龄甚至年长的研究生，围绕“台风”开展研究。陈逸伦坦言：曾因年龄小被质疑，能否带好学生。他说：“我不看学生的第一学历，思维和能力最重要，第一，保证手把手带；第二，不拿学生一作；第三，杂活不让学生干。”有博士生这样评价陈逸伦，“科研上，他很严谨、责任心很强，也很尊重每个人的兴趣爱好。在生活上，陈老师很随和和他怎么‘玩’都行。”
7325824682928786714,0.4797307872906558,no,读那么多书，最后却拯救不了自己！#前途 #破防
7353634478738263347,0.5387551379917792,yes,马英九率团访大陆 中山大学与台湾高校师生欢聚一堂 齐唱《朋友》
7243774597579934979,0.4797307872906558,no,"开工建设五周年之后，今天的中山大学深圳校区是什么样子？从相山顶上飞越校区，鸟瞰全貌，是什么视觉体验？请看中山大学学生航拍视频~#中山大学 #中山大学深圳校区 
视频制作：伍钧浩 席子辰 黄铭 赵楠 陈秉宇 梁晨 巫毅扬 陈柏辰 李宛桦 卢铭轩 
初审：李建平 
审核：孙耀斌 
审定发布：黄艳"
7265642166867774735,0.4797307872906558,no,高考英语144分！那位爱笑的治愈系男孩，考上#中山大学  啦！#录取通知书 #少年感 #高考成绩 #校园
7343261908205587763,0.5387551379917792,yes,"持续关注中山二院博士生集体患癌事件！
#苏士成 #中山大学 #中山二院 #华中农业大学 #中山二院乳腺外科"
7280022827934223631,0.5387551379917792,yes,"中山大学2023年开学典礼，艺术学院师生和艺术社团同学带来歌曲串烧，以活力与朝气点燃全场。#中山大学 #中山大学2023开学典礼 
视频制作：覃东骏 吕明华"
7353614227069848866,0.4797307872906558,no,马英九偕台青参访中山大学，再谈去年两岸学生交流：浑然天成，欲罢不能。交换微信快到无需催促，希望今天你们也能交到不错的朋友。
7107161971274845453,0.519445281881218,yes,中山大学，您错了！
7358337263132036393,0.4797307872906558,no,患者想直接移植双胚，但是我们有严格的医学指南的。 #医学科普 #硬核健康科普行动  #门诊日常 #门诊故事 #医生日常
7359064294295686410,0.4797307872906558,no,小米副董事长林斌夫妇向中山大学捐赠1亿元，用于文体中心和奖学金等项目 #中山大学  #回赠母校  #捐款  （编辑：王玉恒 责编：柴雯雯）
7353613391920942351,0.5387551379917792,yes,中山大学学生穿马面裙与台青合影，台生：两岸同胞本来就血脉同源、文化同根
7329969133322243338,0.4797307872906558,no,总不能让这个事件在下一个热点中消耗殆尽吧#中山大学 #科研 #热点
7358676525207538956,0.5387551379917792,yes,中山大学  华南第一学府！  #中山大学 #2024高考志愿填报指导 #山西高考志愿填报
7358755453385379106,0.4797307872906558,no,高考数学140分就可以被重点大学破格录取？家长们醒醒 #高考 #强基计划 最近这则消息刷爆了整个教育圈，2024年不少重点大学出现了新的破格“录取”的方法，据说是数学单科成绩足够好，就能直接被知名高校锁定。但是家长们要注意了，这是“入围”， 不是“录取”！千万不要被断章取义的营销号骗到，不是说数学考了满分就直接被这些重点大学录取了！#数学 #高考数学 #高中数学
7323464355255749898,0.5387551379917792,yes,中山大学的医学怎么样 #中山大学 #医学 #涨知识 #家长必读
7358791161978293514,0.4797307872906558,no,@考生 ，达到这些条件就能破格入围#中山大学 #强基计划 #校测 ！#数学 物理拔尖的考生还不快行动！#广东
7329839347920899368,0.519445281881218,yes,中山大学奇怪的巧合#中山大学 #中山大学孙逸仙纪念医院 #苏士成 #集体患癌 #中山二院
7312058935450537231,0.5387551379917792,yes,在中山大学翻跳了鞠婧祎的《冬日》！ #鞠婧祎 #女大学生 #舞蹈 #冬日 #校园舞蹈
7353558427018284288,0.4797307872906558,no,中山大学台籍学生：希望在大陆继续考研 为祖国发展作出贡献 4月3日下午，马英九率台湾青年学生到中山大学交流参观，两岸青年一起游戏联谊、相互交换联系方式。
7329841567659871503,0.5387551379917792,yes,这不是一个人可以做到的，所以现在几乎没有声音了#华中农业大学 #苏士成 #中山大学 #黄飞若 #理性讨论
7358860451255422208,0.4797307872906558,no,小米副董事长林斌夫妇向中山大学捐赠1亿元，用于文体中心和奖学金等项目 #小米联合创始人夫妇向中山大学捐赠1亿元
6968452661226114311,0.5387551379917792,yes,中山大学文科大楼事件，从来没有开过的门 #事件  #讲故事  #仙伴事话  #灵异
7358740380109507891,0.5387551379917792,yes,"今天来到了广州中山大学校区，是培养国家之栋梁和人才的摇篮 "
7349869041130949942,0.4797307872906558,no,#男子26岁成为中山大学副教授 ，有学生甚至比他还大，曾因太年轻被质疑能否带好学生#热点知多少
7353653856527584564,0.5387551379917792,yes,台湾青年与中山大学学生合唱《外婆的澎湖湾》《月亮代表我的心》，马英九鼓掌跟唱（来源：@中国新闻社 ）
7006316378131156239,0.5387551379917792,yes,中山大学即将全面完工，这个中山大学真的是够大的啊！这学校有排面吧！
7228517842277125388,0.5387551379917792,yes,今天走进广东985大学-中山大学，带孩子感受下大学的氛围。#中山大学
7358085752070131007,0.4797307872906558,no,我不会逼我的女儿去读书，我会告诉她哈尔滨工业大学的校园可以发射火箭，中山大学是南方人的梦中清华，北京大学曾经是皇家园林，领航神舟天空和嫦鹅都有北大的影子，厦门大学在宿舍就听到海浪声，能在几亿造价的图书馆学习，从小培养孩子种下大学梦，让她对大学有真心的向往，学习更有动力。#国防科技大学 #以梦为马不负韶华 #中国航天 #愿所有考生圆梦今夏 #全红婵夺冠
7274143727449361705,0.519445281881218,yes,中山大学军训，9.1-9.17，风雨无阻站在这年轻的战场。#大学 #大学生 #高校 #军训 #开学
7349874456216472872,0.4797307872906558,no,15岁考上中科大少年班，24岁博士毕业，26岁成为中山大学副教授。如今28岁的陈逸伦，正带着多名与自己同龄甚至年长的研究生围绕“台风”开展研究。#陈逸伦 #中山大学 #中科大少年班 #天才 #副教授
7354229431558245686,0.5387551379917792,yes,马英九全家福#马英九参访中山大学 #马英九参加公祭轩辕黄帝典礼
7284157129106148668,0.5387551379917792,yes,中山大学#广东高考 #高考志愿填报 #你想了解的大学
7284157129106148668,0.5387551379917792,yes,中山大学#广东高考 #高考志愿填报 #你想了解的大学
7307544322491075867,0.519445281881218,yes,冷知识：中山大学不在中山的中山市是二线城市🌚#中山 #电子科技大学中山学院
7228559684100230411,0.4797307872906558,no,2023年，五一节假期，广州中山大学码头，珠江边迎来很多的游客 #最美大学 #985院校 #大学 #国立中山大学
7358703585783221540,0.4797307872906558,no,#高校女生患心脏病疑带病出操后死亡 #中山大学患癌事件 #日本排放核污水 #贵州小区烟花失火事件 #邯郸初中生杀人案
7339354052825713946,0.4797307872906558,no,中山大学最新研究！这份茶知识请您查收#茶 #茶知识 #喝茶
7342535797868088613,0.5387551379917792,yes,"跟我在中山大学过一天
#大学生 #vlog #女大学生日常生活 ##校园生活 #女大学生"
7205779407644921092,0.4797307872906558,no,在中山大学眼科中心三天时间才把眼睛检查好，为了约到余克明教授亲自做全飞秒，从公立转到私立，服务一流，省了大量的时间，全程有陪护#近视手术 #全飞秒近视手术 #余克明教授
7069410202004573477,0.5387551379917792,yes,灵异事件之宿舍区 #民间故事 #大学生活
7358862802922130726,0.5387551379917792,yes,颜永平演讲分享之1394《2024年，中山大学成立100周年了》#颜永平演讲
7326771092574555444,0.5387551379917792,yes,中山大学的事
7349859696989310262,0.4797307872906558,no,"26岁陈逸伦任中山大学副教授，学生比自己还大:""我的学生，保证手把手带。不拿学生一作，杂活不让学生干""。"
7349743092162907407,0.4797307872906558,no,26岁陈逸伦任中山大学副教授，有学生甚至比他还年长，他称：不拿学生一作，杂活不让学生干
7275228769965575481,0.5387551379917792,yes,今天在中山大学吃精神食粮，都吃胖了#中山大学 #旅行vlog #解锁夏日旅行的100种玩法
7340127330645347611,0.4797307872906558,no,开学第一天倒霉鬼附体🥲#创作灵感 #开学前的精神状态 #日常vlog #藏族 #中山大学
7307524778628336937,0.5387551379917792,yes,#高考志愿填报 #大学 #中山大学
7314983345320889626,0.4797307872906558,no,"中大的师生们、学霸们，已经把跑步当成了必修课！有一本书叫《运动改造大脑》，跑步不但可以让我们更健康，还能让我们更清醒、更聪明！向优秀的人学习！
#孙英杰 #中山大学 #跑步 #步频"
7105568948837535016,0.5387551379917792,yes,中山大学
7353521568741444927,0.4797307872906558,no,马英九率台湾青年到访中大，两处参观点“有讲究”
7359008237309480230,0.519445281881218,yes,小米副董事长林斌夫妇向中山大学捐赠1亿元，用于文体中心和奖学金等项目#小米 #捐款 #中山大学
7315360479784783156,0.5387551379917792,yes,"中山大学为什么不在中山市？ #中山大学 "
7330252960473107749,0.5387551379917792,yes,目标中山大学，艺术生的野心 #家长必读 #学习方法 #教育
7359061362321968384,0.5387551379917792,yes,#资讯
7349036793292918016,0.5387551379917792,yes,网友：林郑越来越年轻，逆生长了！林郑月娥到访中山大学继续校园行，与中山大学师生亲切交流互动 #香港
7120602301403893029,0.5387551379917792,yes,"我去深圳校区
#日常vlog #日落🌄 #中山大学 #校园"
7301871907832368424,0.519445281881218,yes,#主播说新闻 苹果四件套？王嘉尔演唱会？ 中山大学特困生被曝炫富 学校：已终止发放助学金 #特困生 #中山大学 #炫富翻车
7116671002108644612,0.4797307872906558,no,"全新海景房宿舍🙉🙈🙊！！
欢迎报考中山大学 哈哈哈哈哈哈哈！#大学生活 #中山大学 "
7358433062117461257,0.4797307872906558,no,数学为王时代到来，单科140以上可破格录取#高考志愿填报 #高考 #升学规划
7358316365549161764,0.519445281881218,yes,#贵州小区烟花失火事件 #邯郸被害学生 #日本核废水 #中山大学患癌事件
7300988892751170857,0.5387551379917792,yes,"中大留学生的一天🤨
#中山大学 #中大留学生 #留学生 #留学生日常"
7332399032561585423,0.4797307872906558,no,#华中农大  华中农大的事件有了结果，可中山大学的事件还需要多少个日夜呢...#中山大学 #黄飞若 #学术 #科研
7332399032561585423,0.4797307872906558,no,#华中农大  华中农大的事件有了结果，可中山大学的事件还需要多少个日夜呢...#中山大学 #黄飞若 #学术 #科研
7354320850469784842,0.4797307872906558,no,#中大学子送台湾青年视频网站年卡  #两岸青年合唱明天会 更好 4月3日，马英九率领台湾青年团来到中山大学参观访问，并与中大校方领导和学子举办交流联谊会。交流会上，中山大学学生民乐团演奏了广东传统乐曲《花好月圆》和《步步高》，台湾学生朗诵合唱《那些年》。最后，两岸青年合作的流行歌曲串烧《外婆的澎湖湾》《月亮代表我的心》《朋友》《明天会更好》，将气氛推向高潮。（记者 蒋成龙 视频 史雪凡）@两岸做伙讲
7359065380574268691,0.5387551379917792,yes,小米集团联合创始人，揭阳人林斌向中山大学捐赠1亿元#揭阳#揭阳发展吧#小米 #林斌
7156088709102718219,0.5387551379917792,yes,"同学 你在哪里上大学#中山大学 #中山大学深圳校区 #广州 #大学校园 #大学 "
7219990870425177384,0.4797307872906558,no,广州中山大学南校区，一条主干道带你看遍红砖古建和历史人物！#旅游攻略 #中山大学 #折叠轻生活
7301592404497321257,0.4797307872906558,no,近日，有网友称，中山大学一名获助学金的特困学生用的是苹果系列四件套，而且还买了价值1517元的王嘉尔演唱会门票。11月15日，记者从中山大学多部门了解到，该校已关注到相关信息，并正对此事进行全面调查核实。（极目新闻）
7323749242424610048,0.519445281881218,yes,后来才知道 万卷书不好读 万里路也不好走#livephoto
7337633175079816467,0.4797307872906558,no,广东女孩考上985名校，大三嫁大18岁大叔，休学生子，现状如何？ #爱情 #婚姻
7353837690330123535,0.5387551379917792,yes,3日下午，马英九率台湾青年到访中山大学广州校区南校园。在与中山大学学生进行座谈交流时，马英九邀请大陆师生回访台湾。
7339884164340010278,0.4797307872906558,no,感受一下顶尖学府的震撼！ #中国高校 #梦开始的地方 #名校
7330493189201087807,0.5387551379917792,yes,他们不应该是这样的结局... #中山大学 #大学生 #医学生
7280203548036566333,0.4797307872906558,no,#上热门话题🔥🔥🔥中山大学2023开学典礼，艺术学院师生和艺术，社团同学！！！！！！！
7350139572539526436,0.4797307872906558,no,15岁中科大少年班 24岁博土毕业，26岁成为中山大学副教授，学生比自己还大是什么体验?“保证手把手带、不拿学生一作”#中山大学
7356913850316360999,0.5387551379917792,yes,中国以人命名的大学有哪些？ #黄瑞勇说升学 #中国大学 #中山大学 #升学规划 #家长收藏孩子受益
7338959348892241206,0.4797307872906558,no,"中山大学学生集体患癌事件 
真像让人担忧"
7273002503862504763,0.4797307872906558,no,官方回应该监测值在珠海市中山大学站历史范围值范围内，属于正常值。
7353547719039798543,0.5387551379917792,yes,4月3日，马英九率台湾青年参访中山大学。#马英九  #中山大学
7346633549472107827,0.5387551379917792,yes,"跟我在中山大学过一天
#大学生 #女大学生日常生活 #校园vlog #vlog #大学"
7353098145368132903,0.4797307872906558,no,马英九再访大陆丨首站为什么选择广东，为什么参访中山大学
7358777197827493139,0.4797307872906558,no,"颜宁，签约985高校！2024年4月15日，深圳医学科学院与中山大学在中大深圳校区签署战略合作框架协议，双方将围绕生物医学领域的重大科学技术问题开展合作研究，打造教育、科技、人才三位一体的高地，构建生物医药的东方大湾区。深圳医学科学院院长颜宁、深圳医学科学院副院长涂欢、中山大学校长高松、中山大学副校长谢湜等相关领导出席活动并见证签约。深圳医学科学院副院长谭瑛、中山大学常务副校长杨清华代表合作双方签署协议。 
根据协议，双方将探索科教融汇新机制，本着“研学共建、优势互补、资源共享、合作共赢”的原则，在科学研究、人员双聘、学生培养、资源共享、成果转化及推进高水平国际交流合作等方面深化合作，共同推动粤港澳大湾区生物医药的高质量发展。"
7349073891366669580,0.4797307872906558,no,中山大学 双一流 华南第一学府 国立中山大学 #中山大学 #中山大学东校区 #双一流大学 #最美校园
7353572694526299404,0.5387551379917792,yes,4月3日下午，#马英九 到访中山大学 也是其在粤公开行程的最后一站#广州 #广东dou知道
7198015375143882042,0.519445281881218,yes,中山大学出来后一般年薪多少？分为不同地区，但是都不差！
7359026857699822860,0.5387551379917792,yes,中大文学博士告诉你，高考作文成绩到底应该如何提高！？#高考作文 #2024高考 #广州 #高考语文作文 #中山大学
7096340032855887143,0.519445281881218,yes,"#中山大学#985院校 
下课后的外国语学院
我努力抬头 看到了太阳照耀的方向"
7301957995456433460,0.519445281881218,yes,#中山大学通报贫困生过度消费事件 决定终止其助学金发放！#助学金 #过度消费
7339469771185933577,0.5387551379917792,yes,中山除了没有中山大学外！其他都有！#旅行推荐官 #日常vlog #生活碎片记录
7359024201505705226,0.4797307872906558,no,忠孝廉耻勇，仁义礼智信，温良恭俭让，这就是潮汕人崇尚的文化信仰！#潮汕地区 #文化传承 #忠孝仁义
7301844597716618496,0.519445281881218,yes,中山大学通报“贫困生炫富”：存在过度消费，终止发放助学金
7358783988749716755,0.5387551379917792,yes,小米集团副董事长林斌及夫人，向中山大学捐款1亿元
7119416080933735694,0.5387551379917792,yes,中山大学珠海校区双人间#双人间宿舍 #研究生
7358394834320772389,0.5387551379917792,yes,省排8000~11000名 理工科院校如何规划 #广东高考 #升学 #涨知识
7327606229000342818,0.519445281881218,yes,我们不可冷眼旁观#中山大学 #中山二院 #不要辜负11位学生的勇气 #共创学术之清明
7301881979237109001,0.519445281881218,yes,中山大学特困生用苹果四件套看1500元演唱会，被质疑炫富，中山大学深夜通报，终止发放其助学金#中山大学通报贫困生过度消费事件 #贫困生可以高消费吗
7345011079560449319,0.4797307872906558,no,一代代中大人“为社会福，为邦家光” 中山大学校长高松走上全国两会“代表通道”#2024全国两会 #广州dou知道 #中山大学
7116491434420653319,0.4797307872906558,no,"连录取通知书都开始内卷了吗？2022年中山大学录取通知书让人惊艳！#录取通知书 #你值得拥有 #惊艳
编辑：徐徐"
7106865593000742180,0.4797307872906558,no,"毕业季 | 中山大学毕业照互拍随手记
#中山大学#国立中山大学#毕业快乐前程似锦 #毕业季 #校园 #毕业🎓 #我们毕业啦 #姐妹成对快乐加倍 #学士服 #校园生活 #青春的样子 #我的大学时代  "
7359073159993183523,0.4797307872906558,no,医院很多人都不想去，但是人吃五谷杂粮，难免会有去医院看病的时候。所以一流的医疗水平和资源是一个城市的保障。#肇庆新区#中山三院 #中山大学 #康养 #宜居城市
7353627006170336547,0.4797307872906558,no,4月3日下午，马英九率台湾青年学生到中山大学交流参访。在中山大学与台湾高校师生交流联谊会上，台青与中大学子幽默互动把马英九逗笑了。
7281805274082528551,0.4797307872906558,no,#dou上热门 中山大学2023开学典礼，不再犹豫#开学典礼#中山大学开学典礼#校园神级翻唱 #中山大学@DOU+小助手
7329786798706576659,0.4797307872906558,no,“他每天录童话给我听，飞来韩国探我，最终我答应求婚。” 2005年教育部发布新规，不再限制在校大学生结婚。2012年中山大学女生曾佩伦，因其在大学本科期间结婚生子的经历，引起了各大媒体的关注热议，使她一度成名。2017年6月人大学生带娃拍毕业照走红，网友大赞人生赢家。10年过去，曾佩伦成为了家庭经济支撑，丈夫也成为全职主夫。现在，她怎么看待当初的选择呢？#大学生子 #结婚的意义是什么 #夫妻相处之道 #探寻好生活的百种温度
7330975683276999976,0.5387551379917792,yes,#中山大学 #2024
6944151305959066887,0.4797307872906558,no,我要上中山大学！我要上中山大学！#中山大学 等着你！有梦就去追，想那么多干啥！加油！
7358111495969901858,0.4797307872906558,no,"强基入围新标准，中山大学数学140或物理100，吉林大学，中南大学和大连理工数学145，山东大学148，北理工150，即可入围各校强基名单，而且这些工科强校强基考试多为数学物理，那凭借物理，数学入围的同学，基本上就是双保险提前锁定985名额。
#高考 #强基计划 #985 #高中数学 #家长必读"
7098969473058655522,0.5387551379917792,yes,"#上岸吧 #考研#中山大学 
中山大学上岸学姐告诉你，为什么要考研"
7301955357906144523,0.4797307872906558,no,特困生领助学金高消费炫富 #中大特困生事件 #中山大学 #iPhone #天津中德贫困生助学金事件 #朱旺
7282252148283411746,0.5387551379917792,yes,#广州 #粤语 #不再犹豫 #中山大学 #粤语学习
7268592637408480568,0.5387551379917792,yes,大学生开学记得带好证件哦#录取通知书 @DOU+小助手
7323422381270125887,0.5387551379917792,yes,中山大学有没有在的#中山大学 #大学 #高考志愿填报指南
7283102916267855116,0.5387551379917792,yes,"💰随机金额吃遍广州高校: 第二站 干饭姐妹花的广州中大觅食记
#中山大学  #大学生  #挑战 #大学食堂  #今天吃什么@抖音小助手"
7014043070589095176,0.4797307872906558,no,看这是中山大学 多气派 所以欢迎大家报考南开大学或者对外经济贸易大学🐶#大学生活 #大学 #旅行足迹
7319444942303022390,0.4797307872906558,no,2023年的最后一天，带儿子去参观深圳中山大学 #最美校园 #校园vlog #美丽校园 #大学校园
7098615731977243908,0.5387551379917792,yes,"中大，广东省一个高校
实力当然不让
#广东高校 #中山大学 #高考志愿规划 "
7350215302543691046,0.5387551379917792,yes,学生比自己还大是什么体验？26岁就成为中山大学副教授的陈逸伦表示：自己会手把手带，不拿学生一作，不让学生干杂活
7128567879418613032,0.4797307872906558,no,"中山大学，广东省数一数二的大学，门面竟然如此低调，如果我没辍学的话现在也该上大三了吧#中山大学 #技校 #学生时代 #回忆 "
7329817605764549925,0.519445281881218,yes,想要一个真相真的就这么难么？#中山大学 #中山大学患癌事件 #大学生 #互联网
7357709640395787555,0.4797307872906558,no,24年强基计划，6所985高校破格录取条件！对于数学好的人来说，这这是一大突破福利。#以梦为马不负韶华 #家长必读 #强基计划#2024高考 #升学规划 #高考志愿
7301846008647011635,0.519445281881218,yes,11月15日，#中山大学通报贫困生炫富事件  ：存在生活不节俭等行为，终止发放助学金。
6985907477585988894,0.5387551379917792,yes,中山大学电子与通信工程学院2021年招生宣传片
6985907477585988894,0.5387551379917792,yes,中山大学电子与通信工程学院2021年招生宣传片
7001410709053574407,0.4797307872906558,no,所谓“核技术”灭蚊究竟是怎么实现的？真是核弹打蚊子？
7240683766316928315,0.5387551379917792,yes,6月3日#刚果金 一位非洲博主偶然发现一件来自中山大学的篮球服。网友调侃：袁淇昌同学，你晒黑了（视频来源：@（非洲）鸿九班长 ）#中山大学 #篮球服 #非洲生活
6771608810676161800,0.4797307872906558,no,广州中山大学肿瘤医院，人还是那么多。复查报告很好。看着人来人往的病人和家属，感慨。没关系，我们都会好起来的。
7002884062050258190,0.4797307872906558,no,五所著名中山大学有哪些？#中山大学 #南京大学
6816991832967286019,0.5387551379917792,yes,到底谁拿了我的钱
7248421035844865313,0.4797307872906558,no,23年前的中山大学你行过未？那时候的马路车水马龙，街上还可以开摩托车，公交车还是经典的蓝白色，那时候的广州还很地道，这是你熟悉的老广州记忆吗？#城市记忆 #老广州 #街景 #一代人的回忆 #带你重温曾经的记忆
7315608550540102953,0.4797307872906558,no,全国985大学名校巡礼——中山大学#梦开始的地方 #985院校 #中山大学
6863621499690044687,0.5387551379917792,yes,恭喜妹妹的女儿被广州中山大学录取
7251555314611391756,0.4797307872906558,no,这世界有那么多人，每一个与你共同走过光阴长廊的人都值得珍惜 #中山大学 #毕业典礼 #同窗情谊
7095465461730512159,0.4797307872906558,no,"🌷中山大学法学院毕业论文答辩vlog#毕业答辩#大四#分享照片#毕业季 #大学“我们都在奔赴不同的人生了，愿此去前程似锦，再见依然如故。” "
6900376866432011532,0.5387551379917792,yes,中山大学介绍
7298678623161077007,0.4797307872906558,no,#街头采访 #深圳 #我要上推荐 #是你的理想女朋友吗 #这谁能顶得住啊 中山大学研究生小姐姐
6983663679250238727,0.5387551379917792,yes,历史上曾经有过五所中山大学，你知道都在哪里吗？
6956849244514897160,0.4797307872906558,no,#21考研 #成功上岸 #中山大学 #中山医学院 接受自己的平庸，全力以赴地出众。❤️
7241800093106490628,0.5387551379917792,yes,中山大学校友不团结？
7358314271215766836,0.4797307872906558,no,河南大学创立于1912年，始名河南留学欧美预备学校，首任校长为林伯襄先生，校园选建于河南贡院 旧址之上。后历经中州大学 、 国立开封中山大学 （ 又称国立第五中山大学 ）、省立河南大学 等阶段 ，1942年升格为国立河南大学 。 1952年院系调整 ，部分院系或独立建校或并入兄弟高校，校本部更名为河南师范学院 。后又经开封师范学院 、河南师范大学 等阶段，1984年恢复河南大学 校名。 2008年10月，学校进入省部共建高校行列。2017年9月，学校入选首批国家“双一流”建设高校。2022年2月，学校再次入选国家“双一流”建设高校。111年来，学校恪守“明德新民，止于至善”的校训，形成“团结、勤奋、严谨、朴实”的校风和以“百折不挠、自强不息”为核心的大学精神，培养70多万名各类人才，为教育振兴、科技创新、文化传承、社会进步和人类文明作出突出贡献。#河南大学明伦校区 #百年名校河南大学
7238263834547490106,0.5387551379917792,yes,中山大学（深圳）怎么样？看到最后你就知道了#中山大学深圳校区 #大学推荐 #广东大学 @抖音小助手
6682003172736765187,0.5387551379917792,yes,#cuba中国大学生篮球  中山大学VS浙江大学
7330585946812878132,0.4797307872906558,no,中山大学博士生集体换癌，而且还有罕见型癌症，真是巧合吗？ #中山大学 #731 #林姐姐说 #女博士 #癌症
7143418529700760839,0.519445281881218,yes,你们要的红旗来了，中山大学军训
7125674372454485259,0.4797307872906558,no,"熬过的夜在这一刻都变成了光#开箱vlog #录取通知书 #成功上岸 #中山大学 "
6988670538679913742,0.519445281881218,yes,#中山大学 #毕业季 2018.9-2021.7 奋前莫畏难
7332464555806772515,0.4797307872906558,no,#志愿填报 #高校 #高考 #985 #大学规划   广东省综合实力最好的高校—中山大学
6966790904283696387,0.5387551379917792,yes,中山大学南院都没有人看病了
6988670538679913742,0.519445281881218,yes,#中山大学 #毕业季 2018.9-2021.7 奋前莫畏难
7275916790918647100,0.5387551379917792,yes,#中山大学 #中山大学录取通知书 为百年中大添砖加瓦！@中山大学
6953941816517414159,0.4797307872906558,no,中山大学校花 这个可以算是明星脸了吧？#年轻就要真材实料 #茉莉花开一路称王 #到图书馆去
7337159691358817573,0.5387551379917792,yes,广东中山大学
6858106166958902543,0.4797307872906558,no,闺蜜在抖音测试了未来恋人，留言评论区，结果被找出来了，是中山大学的。#校草校花 @DOU+小助手
6942450980931882243,0.519445281881218,yes,中山大学化学专业的高材生，亲自出来教初三化学，可惜培训刚起步，叫不起价，一对一才一百五一个半小时，加油，看好你
7015170120121060644,0.5387551379917792,yes,"护肤雷品重出江湖?中山大学身体乳#雷品吐槽 #雷品测评#中山大学身体乳 "
7080526040447143209,0.519445281881218,yes,中山大学研究生，我上岸啦，感谢自己小半年的勇敢、努力和坚持✊#生活碎片
7003947094331477256,0.4797307872906558,no,#夏天 #中山大学 军训第一天😄😅#康复运动
6859555709504294156,0.4797307872906558,no,中山大学2019届毕业生唱响南山南，唱哭了很多即将离校的学子
7298950866923572515,0.4797307872906558,no,中大教授楼~ #一个敢说真话的房产人 #中山大学 #实景拍摄带你看房 #广州买房 #抖音房产
7327123259147717925,0.519445281881218,yes,希望每位为自己努力的同学们能得到自己应得的回报@DOU+小助手
6992102772984401163,0.4797307872906558,no,恭喜我侄女以670分的优异成绩考入中山大学[庆祝] 临床医学专业 八年硕博连读 全省1854名 棒棒哒
6827268227937193227,0.5387551379917792,yes,广州的中山大学，全国985重点大学，一起进校园内转转
7301571526619303218,0.519445281881218,yes,11月15日，据极目新闻消息，获助学金的“特困学生”用苹果四件套、花1517元看明星演唱会？中山大学回应：正全面调查核实。
7077800883454512396,0.5387551379917792,yes,中山大学怎么样？#辽宁高考 #辽宁高考咨询
7266612889505565993,0.4797307872906558,no,中山大学 #大学校园 #学校风景 #美丽校园 #广州 #gz
7037055312095874343,0.4797307872906558,no,"根据自己的兴趣爱好选择专业，你现在过得快乐吗？#校园生活 #校园采访 #大学生活 #中山大学 #抖音小助手  "
7349927300357508393,0.4797307872906558,no,26岁成为中山大学副教授，有学生甚至比他还年长！ 陈逸伦坦言：曾因年龄小被质疑能否带好学生！#热点新闻事件 #陈逸伦 #教授 #大学 #广东dou知道（编辑：小飞鱼）
7122434739100798219,0.4797307872906558,no,#成功上岸 #朝着梦想奔跑吧#中山大学
7289636845804195087,0.4797307872906558,no,中山大学开学典礼，蓝荣熙，黄荻葳同学一首《不再犹豫》火爆全网#音乐分享 #不再犹豫
7083319286105771268,0.4797307872906558,no,"中山大学为什么会翻译成Sun Yat-sen University？
Yat-sen 
日   新（广东话）
“苟日新，日日新，又日新。"
7332596827264404745,0.519445281881218,yes,中山大学，谣言也好，事实也罢，要个有理有据的回应这么难嘛？什么年代了，还全凭一张嘴，你的牙是测谎仪吗？#热点新闻事件 #华中农业大学 #中山大学 #理智
7358451072907709750,0.4797307872906558,no,#数学成绩优异可破格入围强基计划  #为什么名校青睐数学好的学生 #厦门同城 #厦门思明区开元街道树知春素质成长中心 #厦门思明区开元街道圻童练字 数学单科定胜负的时代终于来了！高考数学考140分，通过面试，中山大学，中南大学，吉林大学，国防科大，大连理工，北京理工，西工大，山东大学等985大学直接录取！厦门树知春素质成长中心：数学成绩可以考140以上的同学，其他学科差不到哪去！
7039978526195354913,0.5387551379917792,yes,中山大学#985高校
7359022087056461097,0.5387551379917792,yes,小米联合创始人夫妇向中山大学捐赠1亿元
7111351338063170852,0.5387551379917792,yes,毕业典礼&导师组亮相！
7353625002320710962,0.4797307872906558,no,在北京大学、中山大学读书的台湾同学们，最期待马英九率同行的台湾青年学子，到自己的母校交流。“让我们打破偏见，面对面认识真实的彼此。”#台湾同学录
6849206030371409160,0.5387551379917792,yes,國立中山大學～北門牌坊 #航拍#
7311738477031279926,0.4797307872906558,no,强行更新#中山大学 #校园生活 #宿舍 #大学生 #这个宿舍终究还是选对了
6986902753276710157,0.5387551379917792,yes,#录取 中山大学？拿来吧你
7221470403552709922,0.4797307872906558,no,4月7日马克龙到访的中山大学南校区，广东省排名第一的双一流大学#现场实拍
7258548834031242557,0.5387551379917792,yes,家族荣耀，恭喜家妹！#录取通知书 #中山大学 #研究生录取通知书
7002980118679309609,0.4797307872906558,no,又会是怎样的四年 #开学#中山大学
7004778377856945422,0.519445281881218,yes,来中大读书吧，这样的宿舍你值得拥有✌️✌️✌️#我的新宿舍 #温馨的小窝
7111351338063170852,0.5387551379917792,yes,毕业典礼&导师组亮相！
7219326603426417972,0.5387551379917792,yes,在我的24岁，在我的学校，和法国总统马克龙握手了#马克龙到访中山大学 #你怎么知道我和马克龙握手了
7114575868097219848,0.519445281881218,yes,"学累了，图书馆阳台坐一坐也是一种惬意#期末考试前的大学生们 #中山大学 #图书馆 "
7221913805410946365,0.519445281881218,yes,马克龙访问中山大学在外网引发热议，外国网友：在中国找回了自信 #马克龙访华 #中山大学
7119419613909224716,0.4797307872906558,no,中大的准大学生，来看看你们即将入住的宿舍楼，看中哪套秒哪套#深圳的风景
6841468131647474947,0.5387551379917792,yes,第四名在深圳校区，你想不想报？#高考 #高考志愿填报 #中山大学
7037434799199423775,0.4797307872906558,no,"心理学会给人带来哪些变化？#校园 #校园采访 #大学生活 #专业选择 #心理学 #抖音热门 #感谢抖音 #中山大学 
"
7219180034337099019,0.5387551379917792,yes,法国总统马克龙来中山大学怀士堂
6973619913374174495,0.4797307872906558,no,#名校 #高校 #教育 #学校 #高考选学校 #本科  中山大学简介
7296317752778722570,0.4797307872906558,no,#秋天 #身边风景 #尽情享受秋日的阳光吧 #抖音小助手dou上热门
7100555549049163008,0.4797307872906558,no,"来自中山大学深圳校区的《天下有情人》，我的天出不去了~！！请把“哇塞好听”打在公屏上！！！
#中山大学 #校园歌手大赛 #青春校园 #毕业季 #中大 "
6954988197294247205,0.519445281881218,yes,中大岭院校友春茗会，岭院的管理系即将被拿走并入其他学院，以后就没有直系学妹学弟了🥺#中山大学岭南学院
7321729278352149787,0.4797307872906558,no,参观中山大学 #高校 #大学校园 #最美大学 #中山大学 #中山大学东校区
6990584248541498665,0.5387551379917792,yes,儿子收到中山大学录取通知书，请妈妈一起拆封，以表养育之恩！
7088618351601274149,0.4797307872906558,no,中山大学——1926年更名为“国立中山大学”，广东最高学府，综合实力位居全国十强行列，颜值与实力并存的百年名校。
6751341978291539211,0.519445281881218,yes,常见的癌症治疗方法有哪些？中山大学附属肿瘤医院王教授告诉你#癌症
7266520813531155752,0.4797307872906558,no,我劝你别报这所大学，中山大学#上热门这个视频要🔥 #热门的大学专业有哪些 #梦开始的地方 #广东省大学排名 #中山大学特色专业
7301965626002771219,0.519445281881218,yes,贫困生被曝炫富 中山大学深夜通报：终止发放
7069704006347640096,0.5387551379917792,yes,中山大学珠海校区校园安保项目启动仪式
7002792122822741263,0.4797307872906558,no,"坐飞机送女儿到中山大学上硕士研究生，由于疫情只送到学校大门口了，祝女儿学业有成！#梦开始的地方 #青春校园 #美丽校园 "
